<?xml version="1.0" encoding="UTF-8"?>
<!-- Created with TexturePacker http://www.codeandweb.com/texturepacker-->
<!-- $TexturePacker:SmartUpdate:1dc82ba6c5bbf8a599faa9e874fdd2e1:c7632f43358873ec37e1baa1127f01c8:31f6446cf237a6b14d8f7c609add3135$ -->
<!--Format:
n  => name of the sprite
x  => sprite x pos in texture
y  => sprite y pos in texture
w  => sprite width (may be trimmed)
h  => sprite height (may be trimmed)
pX => x pos of the pivot point (relative to sprite width)
pY => y pos of the pivot point (relative to sprite height)
oX => sprite's x-corner offset (only available if trimmed)
oY => sprite's y-corner offset (only available if trimmed)
oW => sprite's original width (only available if trimmed)
oH => sprite's original height (only available if trimmed)
r => 'y' only set if sprite is rotated
with polygon mode enabled:
vertices   => points in sprite coordinate system (x0,y0,x1,y1,x2,y2, ...)
verticesUV => points in sheet coordinate system (x0,y0,x1,y1,x2,y2, ...)
triangles  => sprite triangulation, 3 vertex indices per triangle
-->
<Animation name="SpecialAttacks" numberStates="5" imagePath="textures/AnimationsAndEffects.png" width="64" height="278">
 <state name="swampertspecial" speed="0.15" loop="true">
    <sprite dir="North" x="1" y="1" w="10" h="10" pX="0.5" pY="0.5"/>
    <sprite dir="North" x="12" y="1" w="10" h="10" pX="0.5" pY="0.5"/>
    <sprite dir="North" x="23" y="1" w="10" h="10" pX="0.5" pY="0.5"/>
    <sprite dir="North" x="34" y="1" w="10" h="10" pX="0.5" pY="0.5"/>
 </state>
 <state name="bushdestroyed" speed="0.15" loop="true">
    <sprite n="BushDestroyed01.png" x="1" y="12" w="22" h="18" pX="0.5" pY="0.5"/>
    <sprite n="BushDestroyed02.png" x="24" y="12" w="16" h="23" pX="0.5" pY="0.5"/>
    <sprite n="BushDestroyed03.png" x="41" y="12" w="15" h="26" pX="0.5" pY="0.5"/>
    <sprite n="BushDestroyed04.png" x="1" y="39" w="14" h="29" pX="0.5" pY="0.5"/>
    <sprite n="BushDestroyed05.png" x="16" y="39" w="19" h="32" pX="0.5" pY="0.5"/>
    <sprite n="BushDestroyed06.png" x="36" y="39" w="24" h="35" pX="0.5" pY="0.5"/>
    <sprite n="BushDestroyed07.png" x="1" y="75" w="27" h="40" pX="0.5" pY="0.5"/>
    <sprite n="BushDestroyed08.png" x="29" y="75" w="23" h="43" pX="0.5" pY="0.5"/>
 </state>
 <state name="enemydeath01" speed="0.15" loop="true">
    <sprite n="EnemyDeath01.png" x="1" y="119" w="16" h="16" pX="0.5" pY="0.5"/>
    <sprite n="EnemyDeath02.png" x="18" y="119" w="8" h="8" pX="0.5" pY="0.5"/>
    <sprite n="EnemyDeath03.png" x="27" y="119" w="16" h="16" pX="0.5" pY="0.5"/>
    <sprite n="EnemyDeath04.png" x="44" y="119" w="16" h="15" pX="0.5" pY="0.5"/>
    <sprite n="EnemyDeath05.png" x="1" y="136" w="14" h="14" pX="0.5" pY="0.5"/>
    <sprite n="EnemyDeath06.png" x="16" y="136" w="22" h="22" pX="0.5" pY="0.5"/>
    <sprite n="EnemyDeath07.png" x="39" y="136" w="24" h="22" pX="0.5" pY="0.5"/>
 </state>
 <state name="plantattack" speed="0.15" loop="true">
    <sprite n="PlantAttackBack01.png" x="1" y="159" w="7" h="13" pX="0.5" pY="0.5"/>
    <sprite n="PlantAttackFront01.png" x="9" y="159" w="7" h="13" pX="0.5" pY="0.5"/>
    <sprite n="PlantAttackLeft01.png" x="17" y="159" w="13" h="7" pX="0.5" pY="0.5"/>
    <sprite n="PlantAttackRight01.png" x="31" y="159" w="13" h="7" pX="0.5" pY="0.5"/>
 </state>
 <state name="potdestroyed" speed="0.15" loop="true">
    <sprite n="PotDestroyed01.png" x="45" y="159" w="16" h="16" pX="0.5" pY="0.5"/>
    <sprite n="PotDestroyed02.png" x="1" y="176" w="19" h="19" pX="0.5" pY="0.5"/>
    <sprite n="PotDestroyed03.png" x="21" y="176" w="22" h="22" pX="0.5" pY="0.5"/>
    <sprite n="PotDestroyed04.png" x="1" y="199" w="26" h="24" pX="0.5" pY="0.5"/>
    <sprite n="PotDestroyed05.png" x="28" y="199" w="27" h="25" pX="0.5" pY="0.5"/>
    <sprite n="PotDestroyed06.png" x="1" y="225" w="29" h="28" pX="0.5" pY="0.5"/>
    <sprite n="PotDestroyed07.png" x="31" y="225" w="25" h="25" pX="0.5" pY="0.5"/>
    <sprite n="PotDestroyed08.png" x="1" y="254" w="18" h="23" pX="0.5" pY="0.5"/>
 </state>
</Animation>
