<?xml version="1.0" encoding="UTF-8"?>
<!-- Created with TexturePacker http://www.codeandweb.com/texturepacker-->
<!-- $TexturePacker:SmartUpdate:2724d11843bfb11606b54b64f1805855:e065bb7234c7e42d5c8cd9e7e7e28e7d:383a44dc2cf2e54911a3ca82d9c74b28$ -->
<!--Format:
n  => name of the sprite
x  => sprite x pos in texture
y  => sprite y pos in texture
w  => sprite width (may be trimmed)
h  => sprite height (may be trimmed)
pX => x pos of the pivot point (relative to sprite width)
pY => y pos of the pivot point (relative to sprite height)
oX => sprite's x-corner offset (only available if trimmed)
oY => sprite's y-corner offset (only available if trimmed)
oW => sprite's original width (only available if trimmed)
oH => sprite's original height (only available if trimmed)
r => 'y' only set if sprite is rotated
with polygon mode enabled:
vertices   => points in sprite coordinate system (x0,y0,x1,y1,x2,y2, ...)
verticesUV => points in sheet coordinate system (x0,y0,x1,y1,x2,y2, ...)
triangles  => sprite triangulation, 3 vertex indices per triangle
-->
<Animation name="arrow" numberStates="3" imagePath="textures/Items.png" width="128" height="157">
  <state name="idle" speed="0" loop="false"> 
    <sprite dir="East" x="106" y="25" w="15" h="7" pX="0.5" pY="0.5"/>
    <sprite dir="North" x="106" y="1" w="7" h="15" pX="0.5" pY="0.5"/>
    <sprite dir="South" x="114" y="1" w="7" h="15" pX="0.5" pY="0.5"/>
    <sprite dir="West" x="106" y="17" w="15" h="7" pX="0.5" pY="0.5"/>
  </state>
  <state name="wall_impact" speed="0.4" loop="true">
    <sprite dir="North" x="0" y="139" w="5" h="11" pX="0.4" pY="0.181818"/>
    <sprite dir="North" x="6" y="139" w="6" h="11" pX="0.166667" pY="0.181818"/>
    <sprite dir="North" x="13" y="139" w="5" h="11" pX="0.4" pY="0.181818"/>
    <sprite dir="North" x="19" y="139" w="6" h="11" pX="0.666667" pY="0.181818"/>
    <sprite dir="South" x="26" y="139" w="5" h="11" pX="0.4" pY="0.818182"/>
    <sprite dir="South" x="32" y="139" w="6" h="11" pX="0.166667" pY="0.818182"/>
    <sprite dir="South" x="39" y="139" w="5" h="11" pX="0.4" pY="0.818182"/>
    <sprite dir="South" x="45" y="139" w="6" h="11" pX="0.666667" pY="0.818182"/>
    <sprite dir="West" x="52" y="139" w="11" h="5" pX="0.181818" pY="0.4"/>
    <sprite dir="West" x="64" y="139" w="11" h="6" pX="0.181818" pY="0.666667"/>
    <sprite dir="West" x="76" y="139" w="11" h="5" pX="0.181818" pY="0.4"/>
    <sprite dir="West" x="88" y="139" w="11" h="6" pX="0.181818" pY="0.166667"/>
    <sprite dir="East" x="100" y="139" w="11" h="5" pX="0.818182" pY="0.4"/>
    <sprite dir="East" x="112" y="139" w="11" h="6" pX="0.818182" pY="0.166667"/>
    <sprite dir="East" x="0" y="151" w="11" h="5" pX="0.818182" pY="0.4"/>
    <sprite dir="East" x="12" y="151" w="11" h="6" pX="0.818182" pY="0.666667"/>
  </state>
  <state name="enemy_impact" speed="0.3" loop="false">
    <sprite dir="North" x="63" y="121" w="8" h="8" pX="0.5" pY="0.5"/>
    <sprite dir="North" x="72" y="121" w="12" h="12" pX="0.5" pY="0.5"/>
    <sprite dir="North" x="85" y="121" w="14" h="14" pX="0.5" pY="0.5"/>
    <sprite dir="North" x="100" y="121" w="16" h="16" pX="0.5" pY="0.5"/>
    <sprite dir="South" x="63" y="121" w="8" h="8" pX="0.5" pY="0.5"/>
    <sprite dir="South" x="72" y="121" w="12" h="12" pX="0.5" pY="0.5"/>
    <sprite dir="South" x="85" y="121" w="14" h="14" pX="0.5" pY="0.5"/>
    <sprite dir="South" x="100" y="121" w="16" h="16" pX="0.5" pY="0.5"/>
    <sprite dir="West" x="63" y="121" w="8" h="8" pX="0.5" pY="0.5"/>
    <sprite dir="West" x="72" y="121" w="12" h="12" pX="0.5" pY="0.5"/>
    <sprite dir="West" x="85" y="121" w="14" h="14" pX="0.5" pY="0.5"/>
    <sprite dir="West" x="100" y="121" w="16" h="16" pX="0.5" pY="0.5"/>
    <sprite dir="East" x="63" y="121" w="8" h="8" pX="0.5" pY="0.5"/>
    <sprite dir="East" x="72" y="121" w="12" h="12" pX="0.5" pY="0.5"/>
    <sprite dir="East" x="85" y="121" w="14" h="14" pX="0.5" pY="0.5"/>
    <sprite dir="East" x="100" y="121" w="16" h="16" pX="0.5" pY="0.5"/>
  </state>
</Animation>
