<?xml version="1.0" encoding="UTF-8"?>
<!-- Created with TexturePacker http://www.codeandweb.com/texturepacker-->
<!-- $TexturePacker:SmartUpdate:c9682d11612f6549272368f62cf2d033:9c43309f113ea415bfb80284e11f2856:71b2ca0d8ee1130d075a39750f2b3e5c$ -->
<!--Format:
n  => name of the sprite
x  => sprite x pos in texture
y  => sprite y pos in texture
w  => sprite width (may be trimmed)
h  => sprite height (may be trimmed)
pX => x pos of the pivot point (relative to sprite width)
pY => y pos of the pivot point (relative to sprite height)
oX => sprite's x-corner offset (only available if trimmed)
oY => sprite's y-corner offset (only available if trimmed)
oW => sprite's original width (only available if trimmed)
oH => sprite's original height (only available if trimmed)
r => 'y' only set if sprite is rotated
with polygon mode enabled:
vertices   => points in sprite coordinate system (x0,y0,x1,y1,x2,y2, ...)
verticesUV => points in sheet coordinate system (x0,y0,x1,y1,x2,y2, ...)
triangles  => sprite triangulation, 3 vertex indices per triangle
-->
<Animation name="BCTrooper" numberStates="3" imagePath="textures/BCTrooper.png" width="119" height="119">
  <state name="idle" speed="0" loop="false">
    <sprite dir="East" x="0" y="0" w="16" h="27" pX="0" pY="0"/>
    <sprite dir="North" x="32" y="2" w="23" h="25" pX="0" pY="0"/>
    <sprite dir="South" x="64" y="2" w="21" h="25" pX="0" pY="0"/>
    <sprite dir="West" x="20" y="0" w="16" h="27" pX="0" pY="0"/>
  </state>
  <state name="walk" speed="0" loop="false">
    <sprite dir="East" x="0" y="0" w="16" h="27" pX="0" pY="0"/>
    <sprite dir="North" x="32" y="2" w="23" h="25" pX="0" pY="0"/>
    <sprite dir="South" x="64" y="2" w="21" h="25" pX="0" pY="0"/>
    <sprite dir="West" x="20" y="0" w="16" h="27" pX="0" pY="0"/>
  </state>
  <state name="hit" speed="0" loop="false">
    <sprite dir="East" x="0" y="30" w="16" h="27" pX="0" pY="0"/>
    <sprite dir="North" x="40" y="32" w="23" h="25" pX="0" pY="0"/>
    <sprite dir="South" x="66" y="32" w="21" h="25" pX="0" pY="0"/>
    <sprite dir="West" x="21" y="30" w="16" h="27" pX="0" pY="0"/>
  </state>
  <state name="walk_shield">

  </state>



</Animation>
