<?xml version="1.0" encoding="UTF-8"?>
<!-- Created with TexturePacker http://www.codeandweb.com/texturepacker-->
<!-- $TexturePacker:SmartUpdate:c9682d11612f6549272368f62cf2d033:9c43309f113ea415bfb80284e11f2856:71b2ca0d8ee1130d075a39750f2b3e5c$ -->
<!--Format:
n  => name of the sprite
x  => sprite x pos in texture
y  => sprite y pos in texture
w  => sprite width (may be trimmed)
h  => sprite height (may be trimmed)
pX => x pos of the pivot point (relative to sprite width)
pY => y pos of the pivot point (relative to sprite height)
oX => sprite's x-corner offset (only available if trimmed)
oY => sprite's y-corner offset (only available if trimmed)
oW => sprite's original width (only available if trimmed)
oH => sprite's original height (only available if trimmed)
r => 'y' only set if sprite is rotated
with polygon mode enabled:
vertices   => points in sprite coordinate system (x0,y0,x1,y1,x2,y2, ...)
verticesUV => points in sheet coordinate system (x0,y0,x1,y1,x2,y2, ...)
triangles  => sprite triangulation, 3 vertex indices per triangle
-->
<Animation name="BCTrooper" numberStates="4" imagePath="textures/Enemies.png" width="119" height="223">
  <state name="idle" speed="0" loop="false">
    <sprite dir="East" x="16" y="119" w="16" h="27" pX="0.5" pY="0.5"/>
    <sprite dir="North" x="87" y="119" w="23" h="25" pX="0.5" pY="0.5"/>
    <sprite dir="South" x="45" y="146" w="22" h="25" pX="0.5" pY="0.5"/>
    <sprite dir="West" x="48" y="119" w="16" h="27" pX="0.5" pY="0.5"/>
  </state>
  <state name="walk" speed="0.05" loop="true">
    <sprite dir="East" x="0" y="119" w="16" h="27" pX="0.5" pY="0.5"/>
    <sprite dir="East" x="16" y="119" w="16" h="27" pX="0.5" pY="0.5"/>
    <sprite dir="West" x="32" y="119" w="16" h="27" pX="0.5" pY="0.5"/>
    <sprite dir="West" x="48" y="119" w="16" h="27" pX="0.5" pY="0.5"/>
    <sprite dir="North" x="64" y="119" w="23" h="25" pX="0.5" pY="0.5"/>
    <sprite dir="North" x="87" y="119" w="23" h="25" pX="0.5" pY="0.5"/>
    <sprite dir="North" x="0" y="146" w="23" h="25" pX="0.5" pY="0.5"/>
    <sprite dir="South" x="23" y="146" w="22" h="25" pX="0.5" pY="0.5"/>
    <sprite dir="South" x="45" y="146" w="22" h="25" pX="0.5" pY="0.5"/>
    <sprite dir="South" x="67" y="146" w="22" h="25" pX="0.5" pY="0.5"/>
  </state>
  <state name="hit" speed="0.5" loop="true">
    <sprite dir="South" x="89" y="146" w="22" h="25" pX="0.5" pY="0.5"/>
    <sprite dir="South" x="0" y="171" w="22" h="25" pX="0.5" pY="0.5"/>
    <sprite dir="West" x="22" y="171" w="16" h="27" pX="0.5" pY="0.5"/>
    <sprite dir="West" x="38" y="171" w="16" h="27" pX="0.5" pY="0.5"/>
    <sprite dir="East" x="54" y="171" w="16" h="27" pX="0.5" pY="0.5"/>
    <sprite dir="East" x="70" y="171" w="16" h="27" pX="0.5" pY="0.5"/>
    <sprite dir="North" x="86" y="171" w="23" h="25" pX="0.5" pY="0.5"/>
    <sprite dir="North" x="0" y="198" w="23" h="25" pX="0.5" pY="0.5"/>
  </state>
  <state name="dying" speed="0.3" loop="false">
    <sprite dir="South" x="44" y="119" w="16" h="15" pX="0.5" pY="0.5"/>
    <sprite dir="South" x="1" y="136" w="14" h="14" pX="0.5" pY="0.5"/>
    <sprite dir="South" x="16" y="136" w="22" h="22" pX="0.5" pY="0.5"/>
    <sprite dir="South" x="39" y="136" w="24" h="22" pX="0.5" pY="0.5"/>
  </state>
</Animation>
