<?xml version="1.0" encoding="UTF-8"?>
<!-- Created with TexturePacker http://www.codeandweb.com/texturepacker-->
<!-- $TexturePacker:SmartUpdate:d35ffc22bb2f2eb619259908d3cdd24f:24f200298028d72995567bf29b3b1427:fb7bc41c3d5938a9bf77e023fd6debd3$ -->
<!--Format:
n  => name of the sprite
x  => sprite x pos in texture
y  => sprite y pos in texture
w  => sprite width (may be trimmed)
h  => sprite height (may be trimmed)
pX => x pos of the pivot point (relative to sprite width)
pY => y pos of the pivot point (relative to sprite height)
oX => sprite's x-corner offset (only available if trimmed)
oY => sprite's y-corner offset (only available if trimmed)
oW => sprite's original width (only available if trimmed)
oH => sprite's original height (only available if trimmed)
r => 'y' only set if sprite is rotated
with polygon mode enabled:
vertices   => points in sprite coordinate system (x0,y0,x1,y1,x2,y2, ...)
verticesUV => points in sheet coordinate system (x0,y0,x1,y1,x2,y2, ...)
triangles  => sprite triangulation, 3 vertex indices per triangle
-->
<Animation name="Blaziken" numberStates="5" imagePath="textures/PokemonSpriteSheet.png" width="413" height="413">
  <state name="idle" speed="0.05" loop="true">
    <sprite dir="South" x="217" y="218" w="27" h="29" pX="0.5" pY="1"/>
    <sprite dir="South" x="245" y="218" w="27" h="27" pX="0.5" pY="1"/>
    <sprite dir="West" x="273" y="218" w="22" h="32" pX="0.5" pY="1"/>
    <sprite dir="West" x="296" y="218" w="22" h="30" pX="0.5" pY="1"/>
    <sprite dir="East" x="319" y="218" w="22" h="32" pX="0.5" pY="1"/>
    <sprite dir="East" x="342" y="218" w="22" h="30" pX="0.5" pY="1"/>
    <sprite dir="North" x="365" y="218" w="23" h="31" pX="0.5" pY="1"/>
    <sprite dir="North" x="389" y="218" w="23" h="30" pX="0.5" pY="1"/>
  </state>
  <state name="walk" speed="0.15" loop="true">
    <sprite dir="South" x="361" y="251" w="23" h="29" pX="0.5" pY="0.931034"/>
    <sprite dir="South" x="385" y="251" w="27" h="29" pX="0.5" pY="1"/>
    <sprite dir="South" x="1" y="282" w="23" h="29" pX="0.5" pY="0.931034"/>
    <sprite dir="South" x="25" y="282" w="27" h="29" pX="0.5" pY="1"/>
    <sprite dir="West" x="53" y="282" w="23" h="30" pX="0.5" pY="1"/>
    <sprite dir="West" x="77" y="282" w="22" h="32" pX="0.5" pY="1"/>
    <sprite dir="West" x="100" y="282" w="23" h="30" pX="0.5" pY="1"/>
    <sprite dir="West" x="124" y="282" w="22" h="32" pX="0.5" pY="1"/>
    <sprite dir="East" x="147" y="282" w="23" h="30" pX="0.5" pY="1"/>
    <sprite dir="East" x="171" y="282" w="22" h="32" pX="0.5" pY="1"/>
    <sprite dir="East" x="194" y="282" w="23" h="30" pX="0.5" pY="1"/>
    <sprite dir="East" x="218" y="282" w="22" h="32" pX="0.5" pY="1"/>
    <sprite dir="North" x="241" y="282" w="22" h="32" pX="0.5" pY="1"/>
    <sprite dir="North" x="264" y="282" w="23" h="31" pX="0.5" pY="1"/>
    <sprite dir="North" x="288" y="282" w="22" h="32" pX="0.5" pY="1"/>
    <sprite dir="North" x="311" y="282" w="23" h="31" pX="0.5" pY="1"/>
  </state>
  <state name="attack" speed="0.175" loop="false">
    <sprite dir="South" x="1" y="1" w="33" h="31" pX="0.5" pY="1"/>
    <sprite dir="South" x="35" y="1" w="31" h="35" pX="0.5" pY="0.828571"/>
    <sprite dir="South" x="67" y="1" w="32" h="36" pX="0.5" pY="0.805556"/>
    <sprite dir="West" x="100" y="1" w="26" h="32" pX="0.5" pY="1"/>
    <sprite dir="West" x="127" y="1" w="27" h="31" pX="0.759259" pY="1"/>
    <sprite dir="West" x="155" y="1" w="27" h="31" pX="0.759259" pY="1"/>
    <sprite dir="East" x="183" y="1" w="26" h="32" pX="0.5" pY="1"/>
    <sprite dir="East" x="210" y="1" w="27" h="31" pX="0.203704" pY="1"/>
    <sprite dir="East" x="238" y="1" w="27" h="31" pX="0.203704" pY="1"/>
    <sprite dir="North" x="266" y="1" w="31" h="32" pX="0.5" pY="1"/>
    <sprite dir="North" x="298" y="1" w="31" h="32" pX="0.5" pY="1"/>
    <sprite dir="North" x="330" y="1" w="32" h="33" pX="0.5" pY="1"/>
  </state>
  <state name ="death" speed="0" loop="false">
    <sprite dir="South" x="29" y="79" w="26" h="32" pX="0.5" pY="1"/>
    <sprite dir="West" x="56" y="79" w="27" h="32" pX="0.5" pY="1"/>
    <sprite dir="East" x="84" y="79" w="27" h="32" pX="0.5" pY="1"/>
    <sprite dir="North" x="112" y="79" w="28" h="32" pX="0.5" pY="1"/>
  </state>
  <state name="special" speed="0" loop="false">
    <sprite dir="South" x="1" y="417" w="27" h="31" pX="0.5" pY="1"/>
    <sprite dir="South" x="252" y="381" w="29" h="32" pX="0.5" pY="1"/>
    <sprite dir="West" x="29" y="417" w="27" h="30" pX="0.5" pY="1"/>
    <sprite dir="West" x="282" y="381" w="30" h="32" pX="0.5" pY="1"/>
    <sprite dir="East" x="57" y="417" w="27" h="30" pX="0.5" pY="1"/>
    <sprite dir="East" x="313" y="381" w="30" h="32" pX="0.5" pY="1"/>
    <sprite dir="North" x="85" y="417" w="25" h="32" pX="0.5" pY="1"/>
    <sprite dir="North" x="344" y="381" w="33" h="33" pX="0.5" pY="1"/>
  </state>
    
</Animation>
