<?xml version="1.0" encoding="UTF-8"?>
<!-- Created with TexturePacker http://www.codeandweb.com/texturepacker-->
<!-- $TexturePacker:SmartUpdate:d35ffc22bb2f2eb619259908d3cdd24f:24f200298028d72995567bf29b3b1427:fb7bc41c3d5938a9bf77e023fd6debd3$ -->
<!--Format:
n  => name of the sprite
x  => sprite x pos in texture
y  => sprite y pos in texture
w  => sprite width (may be trimmed)
h  => sprite height (may be trimmed)
pX => x pos of the pivot point (relative to sprite width)
pY => y pos of the pivot point (relative to sprite height)
oX => sprite's x-corner offset (only available if trimmed)
oY => sprite's y-corner offset (only available if trimmed)
oW => sprite's original width (only available if trimmed)
oH => sprite's original height (only available if trimmed)
r => 'y' only set if sprite is rotated
with polygon mode enabled:
vertices   => points in sprite coordinate system (x0,y0,x1,y1,x2,y2, ...)
verticesUV => points in sheet coordinate system (x0,y0,x1,y1,x2,y2, ...)
triangles  => sprite triangulation, 3 vertex indices per triangle
-->
<Animation name="Blaziken" numberStates="5" imagePath="textures/PokemonSpriteSheet.png" width="413" height="413">
  <state name="idle" speed="0.05" loop="true">
    <sprite dir="South" x="272" y="230" w="27" h="29" pX="0.5" pY="1"/>
    <sprite dir="South" x="300" y="230" w="27" h="27" pX="0.5" pY="1"/>
    <sprite dir="West" x="328" y="230" w="22" h="32" pX="0.5" pY="1"/>
    <sprite dir="West" x="351" y="230" w="22" h="30" pX="0.5" pY="1"/>
    <sprite dir="East" x="374" y="230" w="22" h="32" pX="0.5" pY="1"/>
    <sprite dir="East" x="1" y="263" w="22" h="30" pX="0.5" pY="1"/>
    <sprite dir="North" x="24" y="263" w="23" h="31" pX="0.5" pY="1"/>
    <sprite dir="North" x="48" y="263" w="23" h="30" pX="0.5" pY="1"/>
  </state>
  <state name="walk" speed="0.15" loop="true">
    <sprite dir="South" x="386" y="263" w="23" h="29" pX="0.5" pY="0.931034"/>
    <sprite dir="South" x="1" y="295" w="27" h="29" pX="0.5" pY="1"/>
    <sprite dir="South" x="29" y="295" w="23" h="29" pX="0.5" pY="0.931034"/>
    <sprite dir="South" x="53" y="295" w="27" h="29" pX="0.5" pY="1"/>
    <sprite dir="West" x="81" y="295" w="23" h="30" pX="0.5" pY="1"/>
    <sprite dir="West" x="105" y="295" w="22" h="32" pX="0.5" pY="1"/>
    <sprite dir="West" x="128" y="295" w="23" h="30" pX="0.5" pY="1"/>
    <sprite dir="West" x="152" y="295" w="22" h="32" pX="0.5" pY="1"/>
    <sprite dir="East" x="175" y="295" w="23" h="30" pX="0.5" pY="1"/>
    <sprite dir="East" x="199" y="295" w="22" h="32" pX="0.5" pY="1"/>
    <sprite dir="East" x="222" y="295" w="23" h="30" pX="0.5" pY="1"/>
    <sprite dir="East" x="246" y="295" w="22" h="32" pX="0.5" pY="1"/>
    <sprite dir="North" x="269" y="295" w="22" h="32" pX="0.5" pY="1"/>
    <sprite dir="North" x="292" y="295" w="23" h="31" pX="0.5" pY="1"/>
    <sprite dir="North" x="316" y="295" w="22" h="32" pX="0.5" pY="1"/>
    <sprite dir="North" x="339" y="295" w="23" h="31" pX="0.5" pY="1"/>
  </state>
  <state name="attack" speed="0.175" loop="false">
    <sprite dir="South" x="1" y="1" w="33" h="31" pX="0.5" pY="1"/>
    <sprite dir="South" x="35" y="1" w="31" h="35" pX="0.5" pY="0.828571"/>
    <sprite dir="South" x="67" y="1" w="32" h="36" pX="0.5" pY="0.805556"/>
    <sprite dir="West" x="100" y="1" w="26" h="32" pX="0.5" pY="1"/>
    <sprite dir="West" x="127" y="1" w="27" h="31" pX="0.759259" pY="1"/>
    <sprite dir="West" x="155" y="1" w="27" h="31" pX="0.759259" pY="1"/>
    <sprite dir="East" x="183" y="1" w="26" h="32" pX="0.5" pY="1"/>
    <sprite dir="East" x="210" y="1" w="27" h="31" pX="0.203704" pY="1"/>
    <sprite dir="East" x="238" y="1" w="27" h="31" pX="0.203704" pY="1"/>
    <sprite dir="North" x="266" y="1" w="31" h="32" pX="0.5" pY="1"/>
    <sprite dir="North" x="298" y="1" w="31" h="32" pX="0.5" pY="1"/>
    <sprite dir="North" x="330" y="1" w="32" h="33" pX="0.5" pY="1"/>
  </state>
  <state name ="death" speed="0" loop="false">
    <sprite dir="South" x="167" y="80" w="26" h="32" pX="0.5" pY="1"/>
    <sprite dir="West" x="194" y="80" w="27" h="32" pX="0.5" pY="1"/>
    <sprite dir="East" x="222" y="80" w="27" h="32" pX="0.5" pY="1"/>
    <sprite dir="North" x="250" y="80" w="28" h="32" pX="0.5" pY="1"/>
  </state>
  <state name="special" speed="0" loop="false">
    <sprite dir="South" x="282" y="365" w="29" h="32" pX="0.5" pY="1"/>
    <sprite dir="West" x="312" y="365" w="30" h="32" pX="0.5" pY="1"/>
    <sprite dir="East" x="343" y="365" w="30" h="32" pX="0.5" pY="1"/>
    <sprite dir="North" x="374" y="365" w="33" h="33" pX="0.5" pY="1"/>
  </state>
    
</Animation>
