<?xml version="1.0" encoding="UTF-8"?>
<!-- Created with TexturePacker http://www.codeandweb.com/texturepacker-->
<!-- $TexturePacker:SmartUpdate:d35ffc22bb2f2eb619259908d3cdd24f:24f200298028d72995567bf29b3b1427:fb7bc41c3d5938a9bf77e023fd6debd3$ -->
<!--Format:
n  => name of the sprite
x  => sprite x pos in texture
y  => sprite y pos in texture
w  => sprite width (may be trimmed)
h  => sprite height (may be trimmed)
pX => x pos of the pivot point (relative to sprite width)
pY => y pos of the pivot point (relative to sprite height)
oX => sprite's x-corner offset (only available if trimmed)
oY => sprite's y-corner offset (only available if trimmed)
oW => sprite's original width (only available if trimmed)
oH => sprite's original height (only available if trimmed)
r => 'y' only set if sprite is rotated
with polygon mode enabled:
vertices   => points in sprite coordinate system (x0,y0,x1,y1,x2,y2, ...)
verticesUV => points in sheet coordinate system (x0,y0,x1,y1,x2,y2, ...)
triangles  => sprite triangulation, 3 vertex indices per triangle
-->
<Animation name="Blaziken" numberStates="6" imagePath="textures/PokemonSpriteSheet.png" width="706" height="706">
  <state name="idle" speed="0.05" loop="true">
    <sprite dir="South" x="472" y="0" w="27" h="29" pX="0.5" pY="1"/>
    <sprite dir="South" x="499" y="0" w="27" h="27" pX="0.5" pY="1"/>
    <sprite dir="West" x="526" y="0" w="22" h="32" pX="0.5" pY="1"/>
    <sprite dir="West" x="548" y="0" w="22" h="30" pX="0.5" pY="1"/>
    <sprite dir="East" x="570" y="0" w="22" h="32" pX="0.5" pY="1"/>
    <sprite dir="East" x="592" y="0" w="22" h="30" pX="0.5" pY="1"/>
    <sprite dir="North" x="614" y="0" w="23" h="31" pX="0.5" pY="1"/>
    <sprite dir="North" x="637" y="0" w="23" h="30" pX="0.5" pY="1"/>
  </state>
  <state name="walk" speed="0.15" loop="true">
    <sprite dir="South" x="660" y="0" w="23" h="29" pX="0.5" pY="1"/>
    <sprite dir="South" x="683" y="0" w="23" h="29" pX="0.5" pY="1"/>
    <sprite dir="West" x="0" y="36" w="23" h="30" pX="0.5" pY="1"/>
    <sprite dir="West" x="23" y="36" w="23" h="30" pX="0.5" pY="1"/>
    <sprite dir="East" x="46" y="36" w="23" h="30" pX="0.5" pY="1"/>
    <sprite dir="East" x="69" y="36" w="23" h="30" pX="0.5" pY="1"/>
    <sprite dir="North" x="92" y="36" w="22" h="32" pX="0.5" pY="1"/>
    <sprite dir="North" x="114" y="36" w="22" h="32" pX="0.5" pY="1"/>
  </state>
  <state name="attack" speed="0.175" loop="false">
    <sprite dir="South" x="0" y="0" w="33" h="31" pX="0.5" pY="1"/>
    <sprite dir="South" x="33" y="0" w="31" h="35" pX="0.5" pY="1"/>
    <sprite dir="South" x="64" y="0" w="32" h="36" pX="0.5" pY="1"/>
    <sprite dir="West" x="96" y="0" w="26" h="32" pX="0.5" pY="1"/>
    <sprite dir="West" x="122" y="0" w="27" h="31" pX="0.5" pY="1"/>
    <sprite dir="West" x="149" y="0" w="27" h="31" pX="0.5" pY="1"/>
    <sprite dir="East" x="176" y="0" w="26" h="32" pX="0.5" pY="1"/>
    <sprite dir="East" x="202" y="0" w="27" h="31" pX="0.5" pY="1"/>
    <sprite dir="East" x="229" y="0" w="27" h="31" pX="0.5" pY="1"/>
    <sprite dir="North" x="256" y="0" w="31" h="32" pX="0.5" pY="1"/>
    <sprite dir="North" x="287" y="0" w="31" h="32" pX="0.5" pY="1"/>
    <sprite dir="North" x="318" y="0" w="32" h="33" pX="0.5" pY="1"/>
  </state>
  <state name="special" speed="0.125" loop="false">
    <sprite dir="South" x="136" y="36" w="27" h="31" pX="0.5" pY="1"/>
    <sprite dir="South" x="163" y="36" w="29" h="32" pX="0.5" pY="1"/>
    <sprite dir="West" x="192" y="36" w="27" h="30" pX="0.5" pY="1"/>
    <sprite dir="West" x="219" y="36" w="30" h="32" pX="0.5" pY="1"/>
    <sprite dir="East" x="249" y="36" w="27" h="30" pX="0.5" pY="1"/>
    <sprite dir="East" x="276" y="36" w="30" h="32" pX="0.5" pY="1"/>
    <sprite dir="North" x="306" y="36" w="25" h="32" pX="0.5" pY="1"/>
    <sprite dir="North" x="331" y="36" w="33" h="33" pX="0.5" pY="1"/>
  </state>
  <state name ="hit" speed="0" loop="false">
    <sprite dir="South" x="350" y="0" w="26" h="32" pX="0.5" pY="1"/>
    <sprite dir="West" x="376" y="0" w="27" h="32" pX="0.5" pY="1"/>
    <sprite dir="East" x="403" y="0" w="27" h="32" pX="0.5" pY="1"/>
    <sprite dir="North" x="430" y="0" w="28" h="32" pX="0.5" pY="1"/>
  </state>
  <state name ="death" speed="0.1" loop="false">
    <sprite dir="South" x="350" y="0" w="26" h="32" pX="0.5" pY="1"/>
    <sprite dir="South" x="458" y="0" w="14" h="6" pX="0.5" pY="1"/>
    <sprite dir="West" x="376" y="0" w="27" h="32" pX="0.5" pY="1"/>
    <sprite dir="West" x="458" y="0" w="14" h="6" pX="0.5" pY="1"/>
    <sprite dir="East" x="403" y="0" w="27" h="32" pX="0.5" pY="1"/>
    <sprite dir="East" x="458" y="0" w="14" h="6" pX="0.5" pY="1"/>
    <sprite dir="North" x="430" y="0" w="28" h="32" pX="0.5" pY="1"/>
    <sprite dir="North" x="458" y="0" w="14" h="6" pX="0.5" pY="1"/>
  </state>
    
</Animation>
