<?xml version="1.0" encoding="UTF-8"?>
<!-- Created with TexturePacker http://www.codeandweb.com/texturepacker-->
<!-- $TexturePacker:SmartUpdate:2724d11843bfb11606b54b64f1805855:e065bb7234c7e42d5c8cd9e7e7e28e7d:383a44dc2cf2e54911a3ca82d9c74b28$ -->
<!--Format:
n  => name of the sprite
x  => sprite x pos in texture
y  => sprite y pos in texture
w  => sprite width (may be trimmed)
h  => sprite height (may be trimmed)
pX => x pos of the pivot point (relative to sprite width)
pY => y pos of the pivot point (relative to sprite height)
oX => sprite's x-corner offset (only available if trimmed)
oY => sprite's y-corner offset (only available if trimmed)
oW => sprite's original width (only available if trimmed)
oH => sprite's original height (only available if trimmed)
r => 'y' only set if sprite is rotated
with polygon mode enabled:
vertices   => points in sprite coordinate system (x0,y0,x1,y1,x2,y2, ...)
verticesUV => points in sheet coordinate system (x0,y0,x1,y1,x2,y2, ...)
triangles  => sprite triangulation, 3 vertex indices per triangle
-->
<Animation name="bomb" numberStates="3" imagePath="textures/Items.png" width="128" height="138">
  <state name="idle" speed="0" loop="false">
    <sprite dir="South" x="1" y="1" w="13" h="14" pX="0.5" pY="0.5"/>
  </state>
  <state name="planted" speed="0.2" loop="true">
    <sprite dir="South" x="1" y="1" w="13" h="14" pX="0.5" pY="0.5"/>
    <sprite dir="South" x="15" y="1" w="13" h="14" pX="0.5" pY="0.5"/>
    <sprite dir="South" x="29" y="1" w="13" h="14" pX="0.5" pY="0.5"/>
    <sprite dir="South" x="43" y="1" w="13" h="14" pX="0.5" pY="0.5"/>
  </state>
  <state name="Explosion" speed="0.3" loop="false">
    <sprite dir="South" x="57" y="1" w="14" h="14" pX="0.5" pY="0.5"/>
    <sprite dir="South" x="72" y="1" w="30" h="30" pX="0.5" pY="0.5"/>
    <sprite dir="South" x="1" y="32" w="30" h="32" pX="0.5" pY="0.5"/>
    <sprite dir="South" x="32" y="32" w="44" h="46" pX="0.5" pY="0.5"/>
    <sprite dir="South" x="77" y="32" w="28" h="30" pX="0.5" pY="0.5"/>
    <sprite dir="South" x="1" y="79" w="39" h="39" pX="0.5" pY="0.5"/>
    <sprite dir="South" x="41" y="79" w="42" h="41" pX="0.5" pY="0.5"/>
    <sprite dir="South" x="84" y="79" w="43" h="38" pX="0.5" pY="0.5"/>
  </state>
</Animation>
