<?xml version="1.0" encoding="UTF-8"?>
<!-- Created with TexturePacker http://www.codeandweb.com/texturepacker-->
<!-- $TexturePacker:SmartUpdate:b6be3d5d0fae449d9ee6d99aff3098f4:ff5f5eb39b1fd5fbcd1a903beec62a26:fb7bc41c3d5938a9bf77e023fd6debd3$ -->
<!--Format:
n  => name of the sprite
x  => sprite x pos in texture
y  => sprite y pos in texture
w  => sprite width (may be trimmed)
h  => sprite height (may be trimmed)
pX => x pos of the pivot point (relative to sprite width)
pY => y pos of the pivot point (relative to sprite height)
oX => sprite's x-corner offset (only available if trimmed)
oY => sprite's y-corner offset (only available if trimmed)
oW => sprite's original width (only available if trimmed)
oH => sprite's original height (only available if trimmed)
r => 'y' only set if sprite is rotated
with polygon mode enabled:
vertices   => points in sprite coordinate system (x0,y0,x1,y1,x2,y2, ...)
verticesUV => points in sheet coordinate system (x0,y0,x1,y1,x2,y2, ...)
triangles  => sprite triangulation, 3 vertex indices per triangle
-->
<Animation name="Dusclops" numberStates="5" imagePath="textures/PokemonSpriteSheet.png" width="706" height="706">
  <state name="idle" speed="0.05" loop="true">
    <sprite dir="South" x="77" y="69" w="32" h="30" pX="0.5" pY="1"/>
    <sprite dir="South" x="109" y="69" w="32" h="28" pX="0.5" pY="1"/>
    <sprite dir="West" x="141" y="69" w="28" h="28" pX="0.5" pY="1"/>
    <sprite dir="West" x="169" y="69" w="25" h="26" pX="0.5" pY="1"/>
    <sprite dir="East" x="194" y="69" w="28" h="28" pX="0.5" pY="1"/>
    <sprite dir="East" x="222" y="69" w="25" h="26" pX="0.5" pY="1"/>
    <sprite dir="North" x="247" y="69" w="32" h="28" pX="0.5" pY="1"/>
    <sprite dir="North" x="279" y="69" w="36" h="25" pX="0.5" pY="1"/>
  </state>
  <state name="walk" speed="0.15" loop="true">
    <sprite dir="South" x="315" y="69" w="30" h="30" pX="0.5" pY="1"/>
    <sprite dir="South" x="345" y="69" w="32" h="30" pX="0.5" pY="1"/>
    <sprite dir="South" x="377" y="69" w="30" h="30" pX="0.5" pY="1"/>
    <sprite dir="West" x="407" y="69" w="26" h="28" pX="0.5" pY="1"/>
    <sprite dir="West" x="433" y="69" w="28" h="28" pX="0.5" pY="1"/>
    <sprite dir="West" x="461" y="69" w="32" h="27" pX="0.5" pY="1"/>
    <sprite dir="East" x="493" y="69" w="26" h="28" pX="0.5" pY="1"/>
    <sprite dir="East" x="519" y="69" w="28" h="28" pX="0.5" pY="1"/>
    <sprite dir="East" x="547" y="69" w="32" h="27" pX="0.5" pY="1"/>
    <sprite dir="North" x="579" y="69" w="30" h="28" pX="0.5" pY="1"/>
    <sprite dir="North" x="609" y="69" w="32" h="28" pX="0.5" pY="1"/>
    <sprite dir="North" x="641" y="69" w="32" h="28" pX="0.5" pY="1"/>
  </state>
  <state name="attack" speed="0.1" loop="false">
    <sprite dir="South" x="364" y="36" w="31" h="30" pX="0.5" pY="1"/>
    <sprite dir="South" x="395" y="36" w="34" h="29" pX="0.5" pY="1"/>
    <sprite dir="West" x="429" y="36" w="30" h="28" pX="0.5" pY="1"/>
    <sprite dir="West" x="459" y="36" w="36" h="28" pX="0.5" pY="1"/>
    <sprite dir="East" x="495" y="36" w="30" h="28" pX="0.5" pY="1"/>
    <sprite dir="East" x="525" y="36" w="36" h="28" pX="0.5" pY="1"/>
    <sprite dir="North" x="561" y="36" w="31" h="30" pX="0.5" pY="1"/>
    <sprite dir="North" x="592" y="36" w="34" h="30" pX="0.5" pY="1"/>
  </state>
  <state name="death" speed="0.1" loop="false">
    <sprite dir="South" x="626" y="36" w="32" h="30" pX="0.5" pY="1"/>
    <sprite dir="South" x="63" y="69" w="14" h="6" pX="0.5" pY="1"/>
    <sprite dir="West" x="658" y="36" w="31" h="32" pX="0.5" pY="1"/>
    <sprite dir="West" x="63" y="69" w="14" h="6" pX="0.5" pY="1"/>
    <sprite dir="East" x="0" y="69" w="31" h="32" pX="0.5" pY="1"/>
    <sprite dir="East" x="63" y="69" w="14" h="6" pX="0.5" pY="1"/>
    <sprite dir="North" x="31" y="69" w="32" h="30" pX="0.5" pY="1"/>
    <sprite dir="North" x="63" y="69" w="14" h="6" pX="0.5" pY="1"/>
  </state>
  <state name="special" speed="0.1" loop="false">
    <sprite dir="South" x="673" y="69" w="32" h="28" pX="0.5" pY="1"/>
    <sprite dir="South" x="0" y="101" w="32" h="30" pX="0.5" pY="1"/>
    <sprite dir="South" x="32" y="101" w="38" h="36" pX="0.5" pY="1"/>
    <sprite dir="West" x="70" y="101" w="25" h="26" pX="0.5" pY="1"/>
    <sprite dir="West" x="95" y="101" w="28" h="28" pX="0.5" pY="1"/>
    <sprite dir="West" x="123" y="101" w="33" h="33" pX="0.5" pY="1"/>
    <sprite dir="East" x="156" y="101" w="25" h="26" pX="0.5" pY="1"/>
    <sprite dir="East" x="181" y="101" w="28" h="28" pX="0.5" pY="1"/>
    <sprite dir="East" x="209" y="101" w="33" h="33" pX="0.5" pY="1"/>
    <sprite dir="North" x="242" y="101" w="36" h="25" pX="0.5" pY="1"/>
    <sprite dir="North" x="278" y="101" w="32" h="28" pX="0.5" pY="1"/>
    <sprite dir="North" x="310" y="101" w="39" h="33" pX="0.5" pY="1"/>
  </state>    
                  
</Animation>
