<?xml version="1.0" encoding="UTF-8"?>
<!-- Created with TexturePacker http://www.codeandweb.com/texturepacker-->
<!-- $TexturePacker:SmartUpdate:61c0b143463e0940b6d985462e7b13ef:a395c640702da34523d9f2e555f5518e:aea0cf4daa19d7fe093e2265e74b5855$ -->
<!--Format:
n  => name of the sprite
x  => sprite x pos in texture
y  => sprite y pos in texture
w  => sprite width (may be trimmed)
h  => sprite height (may be trimmed)
pX => x pos of the pivot point (relative to sprite width)
pY => y pos of the pivot point (relative to sprite height)
oX => sprite's x-corner offset (only available if trimmed)
oY => sprite's y-corner offset (only available if trimmed)
oW => sprite's original width (only available if trimmed)
oH => sprite's original height (only available if trimmed)
r => 'y' only set if sprite is rotated
with polygon mode enabled:
vertices   => points in sprite coordinate system (x0,y0,x1,y1,x2,y2, ...)
verticesUV => points in sheet coordinate system (x0,y0,x1,y1,x2,y2, ...)
triangles  => sprite triangulation, 3 vertex indices per triangle
-->
<Animation name="soldier" numberStates="4" imagePath="textures/Enemies.png" width="119" height="119">
  <state name="idle" speed="0.1" loop="true">
    <sprite dir="East" x="73" y="30" w="17" h="28" pX="0.5" pY="1"/>
    <sprite dir="East" x="91" y="30" w="17" h="28" pX="0.5" pY="1"/>
    <sprite dir="North" x="35" y="1" w="16" h="28" pX="0.5" pY="1"/>
    <sprite dir="North" x="52" y="1" w="16" h="28" pX="0.5" pY="1"/>
    <sprite dir="South" x="1" y="30" w="16" h="28" pX="0.5" pY="1"/>
    <sprite dir="South" x="18" y="30" w="16" h="28" pX="0.5" pY="1"/>
    <sprite dir="West" x="39" y="59" w="17" h="28" pX="0.529412" pY="1"/>
    <sprite dir="West" x="57" y="59" w="17" h="28" pX="0.529412" pY="1"/>
  </state>
  <state name="walk" speed="0.1" loop="true">
    <sprite dir="East" x="35" y="30" w="18" h="28" pX="0.5" pY="1"/>
    <sprite dir="East" x="54" y="30" w="18" h="28" pX="0.5" pY="1"/>
    <sprite dir="North" x="1" y="1" w="16" h="28" pX="0.5" pY="1"/>
    <sprite dir="North" x="18" y="1" w="16" h="28" pX="0.5" pY="1"/>
    <sprite dir="South" x="69" y="1" w="16" h="28" pX="0.5" pY="1"/>
    <sprite dir="South" x="86" y="1" w="16" h="28" pX="0.5" pY="1"/>  
    <sprite dir="West" x="1" y="59" w="18" h="28" pX="0.5" pY="1"/>
    <sprite dir="West" x="20" y="59" w="18" h="28" pX="0.5" pY="1"/>
  </state>
  <state name="guard" speed="0" loop="false">
    <sprite dir="East" x="49" y="88" w="21" h="28" pX="0.380952" pY="1"/>
    <sprite dir="North" x="75" y="59" w="25" h="28" pX="0.44" pY="1"/>
    <sprite dir="South" x="1" y="88" w="25" h="30" pX="0.56" pY="0.966667"/>
    <sprite dir="West" x="27" y="88" w="21" h="28" pX="0.619048" pY="1"/>
  </state>
  <state name="dying" speed="0.3" loop="false">
    <sprite dir="South" x="44" y="119" w="16" h="15" pX="0.5" pY="0.5"/>
    <sprite dir="South" x="1" y="136" w="14" h="14" pX="0.5" pY="0.5"/>
    <sprite dir="South" x="16" y="136" w="22" h="22" pX="0.5" pY="0.5"/>
    <sprite dir="South" x="39" y="136" w="24" h="22" pX="0.5" pY="0.5"/>
  </state>
</Animation>
