<?xml version="1.0" encoding="UTF-8"?>
<!-- Created with TexturePacker http://www.codeandweb.com/texturepacker-->
<!-- $TexturePacker:SmartUpdate:337c3f6a81e00a268a8c5e5302b061c5:b8d747165c54a851b4dd5d6d751e2fc4:ed0fcbb3cbfa9a33902c434727321678$ -->
<!--Format:
n  => name of the sprite
x  => sprite x pos in texture
y  => sprite y pos in texture
w  => sprite width (may be trimmed)
h  => sprite height (may be trimmed)
pX => x pos of the pivot point (relative to sprite width)
pY => y pos of the pivot point (relative to sprite height)
oX => sprite's x-corner offset (only available if trimmed)
oY => sprite's y-corner offset (only available if trimmed)
oW => sprite's original width (only available if trimmed)
oH => sprite's original height (only available if trimmed)
r => 'y' only set if sprite is rotated
with polygon mode enabled:
vertices   => points in sprite coordinate system (x0,y0,x1,y1,x2,y2, ...)
verticesUV => points in sheet coordinate system (x0,y0,x1,y1,x2,y2, ...)
triangles  => sprite triangulation, 3 vertex indices per triangle
-->
<Animation name="FireBat" numberStates="4" imagePath="textures/FireBat.png"  width="32" height="78">
  <state name="sleep" speed="0" loop="false">
    <sprite dir="South" x="1" y="1" w="10" h="10" pX="0.5" pY="0.5"/>
  </state>
  <state name="awakening" speed="0.2" loop="false">
    <sprite dir="South" x="1" y="1" w="10" h="10" pX="0.5" pY="0.5"/>
    <sprite dir="South" x="12" y="1" w="16" h="10" pX="0.5" pY="0.5"/>
    <sprite dir="South" x="1" y="12" w="20" h="10" pX="0.5" pY="0.5"/>
  </state>
  <state name="fying" speed="0.2" loop="true">
    <sprite dir="South" x="1" y="23" w="28" h="13" pX="0.5" pY="0.5"/>
    <sprite dir="South" x="1" y="37" w="28" h="10" pX="0.5" pY="0.5"/>
    <sprite dir="South" x="1" y="48" w="20" h="12" pX="0.5" pY="0.5"/>
  </state>
    <state name="dying" speed="0.2" loop="true">
    <sprite dir="South" x="1" y="61" w="14" h="16" pX="0.5" pY="0.5"/>
    <sprite dir="South" x="16" y="61" w="15" h="16" pX="0.5" pY="0.5"/>
  </state>
</Animation>


