<?xml version="1.0" encoding="UTF-8"?>
<!-- Created with TexturePacker http://www.codeandweb.com/texturepacker-->
<!-- $TexturePacker:SmartUpdate:337c3f6a81e00a268a8c5e5302b061c5:b8d747165c54a851b4dd5d6d751e2fc4:ed0fcbb3cbfa9a33902c434727321678$ -->
<!--Format:
n  => name of the sprite
x  => sprite x pos in texture
y  => sprite y pos in texture
w  => sprite width (may be trimmed)
h  => sprite height (may be trimmed)
pX => x pos of the pivot point (relative to sprite width)
pY => y pos of the pivot point (relative to sprite height)
oX => sprite's x-corner offset (only available if trimmed)
oY => sprite's y-corner offset (only available if trimmed)
oW => sprite's original width (only available if trimmed)
oH => sprite's original height (only available if trimmed)
r => 'y' only set if sprite is rotated
with polygon mode enabled:
vertices   => points in sprite coordinate system (x0,y0,x1,y1,x2,y2, ...)
verticesUV => points in sheet coordinate system (x0,y0,x1,y1,x2,y2, ...)
triangles  => sprite triangulation, 3 vertex indices per triangle
-->
<Animation name="Ganon" numberStates="5"  imagePath="textures/Ganon.png" width="335" height="335">
  <state name="melee" speed="0.6" loop="false">
    <sprite dir ="South" x="0" y="0" w="49" h="53" pX="0.44898" pY="0.679245"/>
    <sprite dir ="South" x="49" y="0" w="61" h="53" pX="0.434783" pY="0.666667" oX="7" oY="3" oW="69" oH="57"/>
    <sprite dir ="South" x="110" y="0" w="57" h="57" pX="0.449275" pY="0.5" oX="4" oY="16" oW="69" oH="78"/>
    <sprite dir ="South" x="167" y="0" w="57" h="60" pX="0.451613" pY="0.480519" oX="1" oY="14" oW="62" oH="77"/>
    <sprite dir ="South" x="224" y="0" w="56" h="58" pX="0.433333" pY="0.493506" oX="0" oY="15" oW="60" oH="77"/>
  </state>
  <state name="jump" speed="0.3" loop="false">
    <sprite n="South" x="280" y="0" w="50" h="42" pX="0.5" pY="0.619048"/>
    <sprite n="South" x="0" y="60" w="50" h="40" pX="0.5" pY="0.7"/>
    <sprite n="South" x="50" y="60" w="44" h="34" pX="0.5" pY="0.588235"/>
    <sprite n="North" x="94" y="60" w="48" h="42" pX="0.5" pY="0.47619"/>
    <sprite n="North" x="142" y="60" w="48" h="39" pX="0.5" pY="0.615385"/>
    <sprite n="North" x="190" y="60" w="38" h="35" pX="0.5" pY="0.428571"/>
  </state>
  <state name="special" speed="0.4" loop="true">
    <sprite dir="South" x="228" y="60" w="49" h="61" pX="0.44898" pY="0.721311"/>
    <sprite dir="South" x="0" y="121" w="64" h="56" pX="0.34375" pY="0.696429"/>
    <sprite dir="South" x="64" y="121" w="72" h="43" pX="0.305556" pY="0.604651"/>
    <sprite dir="South" x="136" y="121" w="64" h="51" pX="0.34375" pY="0.666667"/>
    <sprite dir="South" x="200" y="121" w="49" h="53" pX="0.44898" pY="0.679245"/>
    <sprite dir="South" x="249" y="121" w="59" h="51" pX="0.372881" pY="0.666667"/>
    <sprite dir="South" x="0" y="177" w="60" h="43" pX="0.366667" pY="0.604651"/>
    <sprite dir="South" x="60" y="177" w="56" h="57" pX="0.392857" pY="0.701754"/>
    <sprite dir="North" x="116" y="177" w="45" h="61" pX="0.577778" pY="0.655738"/>
    <sprite dir="North" x="161" y="177" w="51" h="56" pX="0.627451" pY="0.625"/>
    <sprite dir="North" x="212" y="177" w="53" h="43" pX="0.641509" pY="0.511628"/>
    <sprite dir="North" x="265" y="177" w="54" h="53" pX="0.648148" pY="0.603774"/>
    <sprite dir="North" x="0" y="238" w="45" h="53" pX="0.577778" pY="0.603774"/>
    <sprite dir="North" x="45" y="238" w="57" h="51" pX="0.666667" pY="0.588235"/>
    <sprite dir="North" x="102" y="238" w="64" h="43" pX="0.703125" pY="0.511628"/>
    <sprite dir="North" x="166" y="238" w="58" h="57" pX="0.672414" pY="0.631579"/>
  </state>
  <state name="invincible" speed="0.5" loop="true">
    <sprite dir="South" x="224" y="238" w="44" h="40" pX="0.5" pY="0.575"/>
    <sprite dir="South"  x="268" y="238" w="44" h="40" pX="0.5" pY="0.575"/>
    <sprite dir="South" x="0" y="295" w="44" h="40" pX="0.5" pY="0.575"/>
    <sprite dir="South" x="44" y="295" w="44" h="40" pX="0.5" pY="0.575"/>
  </state>
  <state name="walking" speed="0" loop="false">
    <sprite dir="South" x="88" y="295" w="52" h="34" pX="0.5" pY="0.5"/>
    <sprite dir="North" x="140" y="295" w="38" h="33" pX="0.5" pY="0.5"/>
  </state>
  
  <state name="particle_awakening" speed="0.4" loop="false">
    <sprite dir="South" x="178" y="295" w="10" h="10" pX="0.5" pY="0.5"/>
    <sprite dir="South" x="188" y="295" w="16" h="10" pX="0.5" pY="0.5"/>
    <sprite dir="South" x="204" y="295" w="20" h="10" pX="0.5" pY="0.5"/>
  </state>
  <state name="firebat" speed="0.4" loop="true">
    <sprite dir="South" x="224" y="295" w="28" h="13" pX="0.5" pY="0.5"/>
    <sprite dir="South" x="252" y="295" w="28" h="10" pX="0.5" pY="0.5"/>
    <sprite dir="South" x="280" y="295" w="20" h="12" pX="0.5" pY="0.5"/>
  </state>
    <state name="dying" speed="0.4" loop="true">
    <sprite dir="South" x="300" y="295" w="14" h="16" pX="0.5" pY="0.5"/>
    <sprite dir="South" x="314" y="295" w="15" h="16" pX="0.5" pY="0.5"/>
  </state>
  
</Animation>


