<?xml version="1.0" encoding="utf-8"?>
<!-- Created with TexturePacker http://www.codeandweb.com/texturepacker-->
<!-- $TexturePacker:SmartUpdate:5f4ee5f5e713b63861209d16735abe61:53f1dcb96e3ba0adc9487fc5bf9e3c9e:ed0fcbb3cbfa9a33902c434727321678$ -->
<!--Format:
n  => name of the sprite
x  => sprite x pos in texture
y  => sprite y pos in texture
w  => sprite width (may be trimmed)
h  => sprite height (may be trimmed)
pX => x pos of the pivot point (relative to sprite width)
pY => y pos of the pivot point (relative to sprite height)
oX => sprite's x-corner offset (only available if trimmed)
oY => sprite's y-corner offset (only available if trimmed)
oW => sprite's original width (only available if trimmed)
oH => sprite's original height (only available if trimmed)
r => 'y' only set if sprite is rotated
with polygon mode enabled:
vertices   => points in sprite coordinate system (x0,y0,x1,y1,x2,y2, ...)
verticesUV => points in sheet coordinate system (x0,y0,x1,y1,x2,y2, ...)
triangles  => sprite triangulation, 3 vertex indices per triangle
-->


<Animation name="Ganon" numberStates="6"  imagePath="textures/Ganon.png" width="354" height="354">
  <state name="walking" speed="0" loop="false">
    <sprite dir="South" x="136" y="296" w="52" h="34" pX="0.5" pY="0.5"/>
    <sprite dir="North" x="189" y="296" w="38" h="33" pX="0.5" pY="0.5"/>
  </state>
  <state name="hit" speed="0.3" loop="true">
    <sprite dir="South" x="183" y="238" w="44" h="40" pX="0.5" pY="0.5"/>
    <sprite dir="South" x="228" y="238" w="44" h="40" pX="0.5" pY="0.5"/>
  </state>
  <state name="melee" speed="0.3" loop="true">
    <sprite dir ="South" x="1" y="1" w="49" h="53" pX="0.44898" pY="0.679245"/>
    <sprite dir ="South" x="51" y="1" w="59" h="51" pX="0.372881" pY="0.666667"/>
    <sprite dir ="South" x="111" y="1" w="55" h="55" pX="0.472727" pY="0.4"/>
    <sprite dir ="South" x="167" y="1" w="55" h="58" pX="0.472727" pY="0.37931"/>
    <sprite dir ="South" x="223" y="1" w="55" h="56" pX="0.472727" pY="0.392857"/>
  </state>
  <state name="jump" speed="0.3" loop="true">
    <sprite n="South" x="279" y="1" w="50" h="42" pX="0.5" pY="0.619048"/>
    <sprite n="South" x="1" y="60" w="50" h="40" pX="0.5" pY="0.7"/>
    <sprite n="South" x="52" y="60" w="44" h="34" pX="0.5" pY="0.588235"/>
    <sprite n="North" x="97" y="60" w="48" h="42" pX="0.5" pY="0.47619"/>
    <sprite n="North" x="146" y="60" w="48" h="39" pX="0.5" pY="0.615385"/>
    <sprite n="North" x="195" y="60" w="38" h="35" pX="0.5" pY="0.428571"/>
  </state>
  <state name="special" speed="0.4" loop="true">
    <sprite dir="South" x="234" y="60" w="49" h="61" pX="0.44898" pY="0.721311"/>
    <sprite dir="South" x="284" y="60" w="64" h="56" pX="0.34375" pY="0.696429"/>
    <sprite dir="South" x="1" y="122" w="72" h="43" pX="0.305556" pY="0.604651"/>
    <sprite dir="South"  x="74" y="122" w="64" h="51" pX="0.34375" pY="0.666667"/>
    <sprite dir="South" x="139" y="122" w="49" h="53" pX="0.44898" pY="0.679245"/>
    <sprite dir="South" x="189" y="122" w="59" h="51" pX="0.372881" pY="0.666667"/>
    <sprite dir="South" x="249" y="122" w="60" h="43" pX="0.366667" pY="0.604651"/>
    <sprite dir="South" x="1" y="176" w="56" h="57" pX="0.392857" pY="0.701754"/>
    <sprite dir="North" x="58" y="176" w="45" h="61" pX="0.577778" pY="0.655738"/>
    <sprite dir="North" x="104" y="176" w="51" h="56" pX="0.627451" pY="0.625"/>
    <sprite dir="North" x="156" y="176" w="53" h="43" pX="0.641509" pY="0.511628"/>
    <sprite dir="North" x="210" y="176" w="54" h="53" pX="0.648148" pY="0.603774"/>
    <sprite dir="North" x="265" y="176" w="45" h="53" pX="0.577778" pY="0.603774"/>
    <sprite dir="North" x="1" y="238" w="57" h="51" pX="0.666667" pY="0.588235"/>
    <sprite dir="North" x="59" y="238" w="64" h="43" pX="0.703125" pY="0.511628"/>
    <sprite dir="North" x="124" y="238" w="58" h="57" pX="0.672414" pY="0.631579"/>
  </state>
  <state name="invincible" speed="0.2" loop="true">
    <sprite dir="South" x="273" y="238" w="44" h="40" pX="0.5" pY="0.575"/>
    <sprite dir="South" x="1" y="296" w="44" h="40" pX="0.5" pY="0.575"/>
    <sprite dir="South" x="46" y="296" w="44" h="40" pX="0.5" pY="0.575"/>
    <sprite dir="South" x="91" y="296" w="44" h="40" pX="0.5" pY="0.575"/>
  </state>
</Animation>


