<?xml version="1.0" encoding="utf-8"?>
<!-- Created with TexturePacker http://www.codeandweb.com/texturepacker-->
<!-- $TexturePacker:SmartUpdate:5f4ee5f5e713b63861209d16735abe61:53f1dcb96e3ba0adc9487fc5bf9e3c9e:ed0fcbb3cbfa9a33902c434727321678$ -->
<!--Format:
n  => name of the sprite
x  => sprite x pos in texture
y  => sprite y pos in texture
w  => sprite width (may be trimmed)
h  => sprite height (may be trimmed)
pX => x pos of the pivot point (relative to sprite width)
pY => y pos of the pivot point (relative to sprite height)
oX => sprite's x-corner offset (only available if trimmed)
oY => sprite's y-corner offset (only available if trimmed)
oW => sprite's original width (only available if trimmed)
oH => sprite's original height (only available if trimmed)
r => 'y' only set if sprite is rotated
with polygon mode enabled:
vertices   => points in sprite coordinate system (x0,y0,x1,y1,x2,y2, ...)
verticesUV => points in sheet coordinate system (x0,y0,x1,y1,x2,y2, ...)
triangles  => sprite triangulation, 3 vertex indices per triangle
-->


<Animation name="Ganon" numberStates="6"  imagePath="textures/Ganon.png" width="379" height="379">
  <state name="walking" speed="0" loop="false">
    <sprite dir="South" x="271" y="315" w="52" h="34" pX="0.5" pY="0.5"/>
    <sprite dir="North" x="324" y="315" w="38" h="33" pX="0.5" pY="0.5"/>
  </state>
  <state name="hit" speed="0.3" loop="true">
    <sprite dir="South" x="1" y="315" w="44" h="40" pX="0.5" pY="0.5"/>
    <sprite dir="South" x="46" y="315" w="44" h="40" pX="0.5" pY="0.5"/>
  </state>
  <state name="melee" speed="0.3" loop="true">
    <sprite dir ="South" x="1" y="1" w="49" h="53" pX="0.44898" pY="0.679245"/>
    <sprite dir ="South" x="51" y="1" w="59" h="51" pX="0.372881" pY="0.666667"/>
    <sprite dir ="South" x="111" y="1" w="55" h="55" pX="0.472727" pY="0.4"/>
    <sprite dir ="South" x="167" y="1" w="55" h="58" pX="0.472727" pY="0.37931"/>
    <sprite dir ="South" x="223" y="1" w="55" h="56" pX="0.472727" pY="0.392857"/>
    <sprite dir ="North" x="279" y="1" w="45" h="61" pX="0.577778" pY="0.672131"/>
    <sprite dir ="North" x="325" y="1" w="53" h="59" pX="0.641509" pY="0.694915"/>
    <sprite dir ="North" x="1" y="63" w="56" h="66" pX="0.571429" pY="0.712121"/>
    <sprite dir ="North" x="58" y="63" w="56" h="69" pX="0.571429" pY="0.724638"/>
    <sprite dir ="North" x="115" y="63" w="53" h="69" pX="0.641509" pY="0.724638"/>
  </state>
  <state name="jump" speed="0.3" loop="true">
    <sprite dir="South" x="169" y="63" w="50" h="42" pX="0.5" pY="0.619048"/>
    <sprite dir="South" x="220" y="63" w="50" h="40" pX="0.5" pY="0.7"/>
    <sprite dir="South" x="271" y="63" w="44" h="34" pX="0.5" pY="0.588235"/>
    <sprite dir="North" x="316" y="63" w="48" h="42" pX="0.5" pY="0.47619"/>
    <sprite dir="North" x="1" y="133" w="48" h="39" pX="0.5" pY="0.615385"/>
    <sprite dir="North" x="50" y="133" w="38" h="35" pX="0.5" pY="0.428571"/>
  </state>
  <state name="special" speed="0.4" loop="true">
    <sprite dir="South" x="89" y="133" w="49" h="61" pX="0.44898" pY="0.721311"/>
    <sprite dir="South" x="139" y="133" w="64" h="56" pX="0.34375" pY="0.696429"/>
    <sprite dir="South" x="204" y="133" w="72" h="43" pX="0.305556" pY="0.604651"/>
    <sprite dir="South" x="277" y="133" w="64" h="51" pX="0.34375" pY="0.666667"/>
    <sprite dir="South" x="1" y="195" w="49" h="53" pX="0.44898" pY="0.679245"/>
    <sprite dir="South" x="51" y="195" w="59" h="51" pX="0.372881" pY="0.666667"/>
    <sprite dir="South" x="111" y="195" w="60" h="43" pX="0.366667" pY="0.604651"/>
    <sprite dir="South" x="172" y="195" w="56" h="57" pX="0.392857" pY="0.701754"/>
    <sprite dir="North" x="229" y="195" w="45" h="61" pX="0.577778" pY="0.655738"/>
    <sprite dir="North" x="275" y="195" w="51" h="56" pX="0.627451" pY="0.625"/>
    <sprite dir="North" x="1" y="257" w="53" h="43" pX="0.641509" pY="0.511628"/>
    <sprite dir="North" x="55" y="257" w="54" h="53" pX="0.648148" pY="0.603774"/>
    <sprite dir="North" x="110" y="257" w="45" h="53" pX="0.577778" pY="0.603774"/>
    <sprite dir="North" x="156" y="257" w="57" h="51" pX="0.666667" pY="0.588235"/>
    <sprite dir="North" x="214" y="257" w="64" h="43" pX="0.703125" pY="0.511628"/>
    <sprite dir="North" x="279" y="257" w="58" h="57" pX="0.672414" pY="0.631579"/>
  </state>
  <state name="invincible" speed="0.2" loop="true">
    <sprite dir="South" x="91" y="315" w="44" h="40" pX="0.5" pY="0.575"/>
    <sprite dir="South" x="136" y="315" w="44" h="40" pX="0.5" pY="0.575"/>
    <sprite dir="South" x="181" y="315" w="44" h="40" pX="0.5" pY="0.575"/>
    <sprite dir="South" x="226" y="315" w="44" h="40" pX="0.5" pY="0.575"/>
  </state>
</Animation>


