<?xml version="1.0" encoding="UTF-8"?>
<!-- Created with TexturePacker http://www.codeandweb.com/texturepacker-->
<!-- $TexturePacker:SmartUpdate:1a6f26beccb5c50f0e7409de98edb707:24f200298028d72995567bf29b3b1427:fb7bc41c3d5938a9bf77e023fd6debd3$ -->
<!--Format:
n  => name of the sprite
x  => sprite x pos in texture
y  => sprite y pos in texture
w  => sprite width (may be trimmed)
h  => sprite height (may be trimmed)
pX => x pos of the pivot point (relative to sprite width)
pY => y pos of the pivot point (relative to sprite height)
oX => sprite's x-corner offset (only available if trimmed)
oY => sprite's y-corner offset (only available if trimmed)
oW => sprite's original width (only available if trimmed)
oH => sprite's original height (only available if trimmed)
r => 'y' only set if sprite is rotated
with polygon mode enabled:
vertices   => points in sprite coordinate system (x0,y0,x1,y1,x2,y2, ...)
verticesUV => points in sheet coordinate system (x0,y0,x1,y1,x2,y2, ...)
triangles  => sprite triangulation, 3 vertex indices per triangle
-->
<Animation name="Geodude" numberStates="4" imagePath="textures/PokemonSpriteSheet.png" width="413" height="413">
  <state name="idle" speed="0" loop="false">
    <sprite dir="North" x="150" y="114" w="24" h="14" pX="0.5" pY="0.5"/>
    <sprite dir="South" x="175" y="114" w="26" h="17" pX="0.5" pY="0.5"/>
    <sprite dir="West" x="202" y="114" w="19" h="19" pX="0.5" pY="0.5"/>
    <sprite dir="East" x="222" y="114" w="19" h="19" pX="0.5" pY="0.5"/>
  </state>
  <state name="walk" speed="0.15" loop="true">
    <sprite dir="North" x="242" y="114" w="23" h="17" pX="0.5" pY="0.5"/>
    <sprite dir="North" x="266" y="114" w="26" h="14" pX="0.5" pY="0.5"/>
    <sprite dir="North" x="293" y="114" w="23" h="17" pX="0.5" pY="0.5"/>
    <sprite dir="North" x="317" y="114" w="26" h="14" pX="0.5" pY="0.5"/>
    <sprite dir="South" x="344" y="114" w="23" h="18" pX="0.5" pY="0.5"/>
    <sprite dir="South" x="368" y="114" w="28" h="15" pX="0.5" pY="0.5"/>
    <sprite dir="South" x="1" y="147" w="24" h="18" pX="0.5" pY="0.5"/>
    <sprite dir="South" x="26" y="147" w="28" h="15" pX="0.5" pY="0.5"/>
    <sprite dir="West" x="55" y="147" w="13" h="22" pX="0.5" pY="0.5"/>
    <sprite dir="West" x="69" y="147" w="15" h="21" pX="0.5" pY="0.5"/>
    <sprite dir="West" x="85" y="147" w="21" h="18" pX="0.5" pY="0.5"/>
    <sprite dir="West" x="107" y="147" w="15" h="21" pX="0.5" pY="0.5"/>
    <sprite dir="East" x="123" y="147" w="13" h="22" pX="0.5" pY="0.5"/>
    <sprite dir="East" x="137" y="147" w="15" h="21" pX="0.5" pY="0.5"/>
    <sprite dir="East" x="153" y="147" w="21" h="18" pX="0.5" pY="0.5"/>
    <sprite dir="East" x="175" y="147" w="15" h="21" pX="0.5" pY="0.5"/>
  </state>
  <state name="attack" speed="0.175" loop="false">
    <sprite dir="North" x="191" y="147" w="23" h="29" pX="0.5" pY="0.5"/>
    <sprite dir="North" x="215" y="147" w="23" h="31" pX="0.5" pY="0.5"/>
    <sprite dir="North" x="239" y="147" w="17" h="31" pX="0.617647" pY="0.5"/>
    <sprite dir="South" x="257" y="147" w="17" h="24" pX="0.529412" pY="0.916667"/>
    <sprite dir="South" x="275" y="147" w="23" h="32" pX="0.5" pY="0.5"/>
    <sprite dir="South" x="299" y="147" w="18" h="27" pX="0.388889" pY="0.407407"/>
    <sprite dir="West" x="318" y="147" w="19" h="16" pX="0.5" pY="0.5"/>
    <sprite dir="West" x="338" y="147" w="36" h="22" pX="0.5" pY="0.636364"/>
    <sprite dir="West" x="375" y="147" w="35" h="14" pX="0.485714" pY="0.428571"/>
    <sprite dir="East" x="1" y="180" w="19" h="16" pX="0.5" pY="0.5"/>
    <sprite dir="East" x="21" y="180" w="36" h="22" pX="0.5" pY="0.681818"/>
    <sprite dir="East" x="58" y="180" w="35" h="14" pX="0.522857" pY="0.485714"/>
  </state>
  <state name="die" speed="0" loop="false">
  </state>
  <state name="hurt" speed="0" loop="false">
    <sprite dir="North" x="60" y="114" w="22" h="14" pX="0.5" pY="0.5"/>
    <sprite dir="South" x="83" y="114" w="26" h="18" pX="0.5" pY="0.5"/>
    <sprite dir="West" x="110" y="114" w="19" h="17" pX="0.5" pY="0.5"/>
    <sprite dir="East" x="130" y="114" w="19" h="17" pX="0.5" pY="0.5"/>
  </state>
 
</Animation>
