<?xml version="1.0" encoding="UTF-8"?>
<!-- Created with TexturePacker http://www.codeandweb.com/texturepacker-->
<!-- $TexturePacker:SmartUpdate:1a6f26beccb5c50f0e7409de98edb707:24f200298028d72995567bf29b3b1427:fb7bc41c3d5938a9bf77e023fd6debd3$ -->
<!--Format:
n  => name of the sprite
x  => sprite x pos in texture
y  => sprite y pos in texture
w  => sprite width (may be trimmed)
h  => sprite height (may be trimmed)
pX => x pos of the pivot point (relative to sprite width)
pY => y pos of the pivot point (relative to sprite height)
oX => sprite's x-corner offset (only available if trimmed)
oY => sprite's y-corner offset (only available if trimmed)
oW => sprite's original width (only available if trimmed)
oH => sprite's original height (only available if trimmed)
r => 'y' only set if sprite is rotated
with polygon mode enabled:
vertices   => points in sprite coordinate system (x0,y0,x1,y1,x2,y2, ...)
verticesUV => points in sheet coordinate system (x0,y0,x1,y1,x2,y2, ...)
triangles  => sprite triangulation, 3 vertex indices per triangle
-->
<Animation name="Geodude" numberStates="4" imagePath="textures/PokemonSpriteSheet.png" width="706" height="706">
  <state name="idle" speed="0" loop="false">
    <sprite dir="South" x="41" y="137" w="26" h="17" pX="0.5" pY="1"/>
    <sprite dir="West" x="67" y="137" w="19" h="19" pX="0.5" pY="1"/>
    <sprite dir="East" x="86" y="137" w="19" h="19" pX="0.5" pY="1"/>
    <sprite dir="North" x="105" y="137" w="24" h="14" pX="0.5" pY="1"/>
  </state>
  <state name="walk" speed="0.15" loop="true">
    <sprite dir="South" x="129" y="137" w="23" h="18" pX="0.5" pY="1"/>
    <sprite dir="South" x="152" y="137" w="28" h="15" pX="0.5" pY="1"/>
    <sprite dir="South" x="180" y="137" w="24" h="18" pX="0.5" pY="1"/>
    <sprite dir="West" x="204" y="137" w="13" h="22" pX="0.5" pY="1"/>
    <sprite dir="West" x="217" y="137" w="15" h="21" pX="0.5" pY="1"/>
    <sprite dir="West" x="232" y="137" w="21" h="18" pX="0.5" pY="1"/>
    <sprite dir="East" x="253" y="137" w="13" h="22" pX="0.5" pY="1"/>
    <sprite dir="East" x="266" y="137" w="15" h="21" pX="0.5" pY="1"/>
    <sprite dir="East" x="281" y="137" w="21" h="18" pX="0.5" pY="1"/>
    <sprite dir="North" x="302" y="137" w="23" h="17" pX="0.5" pY="1"/>
    <sprite dir="North" x="325" y="137" w="26" h="14" pX="0.5" pY="1"/>
    <sprite dir="North" x="351" y="137" w="23" h="17" pX="0.5" pY="1"/>
  </state>  
  <state name="attack" speed="0.175" loop="false">
    <sprite dir="South" x="349" y="101" w="17" h="24" pX="0.5" pY="1"/>
    <sprite dir="South" x="366" y="101" w="23" h="32" pX="0.5" pY="1"/>
    <sprite dir="South" x="389" y="101" w="18" h="27" pX="0.5" pY="1"/>
    <sprite dir="West" x="407" y="101" w="19" h="16" pX="0.5" pY="1"/>
    <sprite dir="West" x="426" y="101" w="36" h="22" pX="0.5" pY="1"/>
    <sprite dir="West" x="462" y="101" w="35" h="14" pX="0.5" pY="1"/>
    <sprite dir="East" x="497" y="101" w="19" h="16" pX="0.5" pY="1"/>
    <sprite dir="East" x="516" y="101" w="36" h="22" pX="0.5" pY="1"/>
    <sprite dir="East" x="552" y="101" w="35" h="14" pX="0.5" pY="1"/>
    <sprite dir="North" x="587" y="101" w="23" h="29" pX="0.5" pY="1"/>
    <sprite dir="North" x="610" y="101" w="23" h="31" pX="0.5" pY="1"/>
    <sprite dir="North" x="633" y="101" w="17" h="31" pX="0.5" pY="1"/>
  </state>
  <state name="death" speed="0" loop="false">
    <sprite dir="South" x="650" y="101" w="26" h="18" pX="0.5" pY="1"/>
    <sprite dir="West" x="676" y="101" w="19" h="17" pX="0.5" pY="1"/>
    <sprite dir="East" x="0" y="137" w="19" h="17" pX="0.5" pY="1"/>
    <sprite dir="North" x="19" y="137" w="22" h="14" pX="0.5" pY="1"/>
  </state>
</Animation>
