<?xml version="1.0" encoding="UTF-8"?>
<!-- Created with TexturePacker http://www.codeandweb.com/texturepacker-->
<!-- $TexturePacker:SmartUpdate:a9e0becb49c8bcb86c45e8ae3de441aa:d8d13d9037376a26c459985c785105c5:fb7bc41c3d5938a9bf77e023fd6debd3$ -->
<!--Format:
n  => name of the sprite
x  => sprite x pos in texture
y  => sprite y pos in texture
w  => sprite width (may be trimmed)
h  => sprite height (may be trimmed)
pX => x pos of the pivot point (relative to sprite width)
pY => y pos of the pivot point (relative to sprite height)
oX => sprite's x-corner offset (only available if trimmed)
oY => sprite's y-corner offset (only available if trimmed)
oW => sprite's original width (only available if trimmed)
oH => sprite's original height (only available if trimmed)
r => 'y' only set if sprite is rotated
with polygon mode enabled:
vertices   => points in sprite coordinate system (x0,y0,x1,y1,x2,y2, ...)
verticesUV => points in sheet coordinate system (x0,y0,x1,y1,x2,y2, ...)
triangles  => sprite triangulation, 3 vertex indices per triangle
-->
<Animation name="Golem" numberStates="6" imagePath="textures/PokemonSpriteSheet.png" width="706" height="706">
  <state name="idle" speed="0.05" loop="true">
    <sprite dir="South" x="78" y="161" w="24" h="23" pX="0.5" pY="1"/>
    <sprite dir="South" x="102" y="161" w="28" h="21" pX="0.5" pY="1"/>
    <sprite dir="West" x="130" y="161" w="23" h="24" pX="0.5" pY="1"/>
    <sprite dir="West" x="153" y="161" w="23" h="24" pX="0.5" pY="1"/>
    <sprite dir="East" x="176" y="161" w="23" h="24" pX="0.5" pY="1"/>
    <sprite dir="East" x="199" y="161" w="23" h="24" pX="0.5" pY="1"/>
    <sprite dir="North" x="222" y="161" w="24" h="23" pX="0.5" pY="1"/>
    <sprite dir="North" x="246" y="161" w="28" h="21" pX="0.5" pY="1"/>
  </state>
  <state name="walk" speed="0.15" loop="true">
    <sprite dir="South" x="274" y="161" w="26" h="23" pX="0.5" pY="1"/>
    <sprite dir="South" x="300" y="161" w="24" h="23" pX="0.5" pY="1"/>
    <sprite dir="South" x="324" y="161" w="26" h="23" pX="0.5" pY="1"/>
    <sprite dir="West" x="350" y="161" w="23" h="22" pX="0.5" pY="1"/>
    <sprite dir="West" x="373" y="161" w="23" h="24" pX="0.5" pY="1"/>
    <sprite dir="West" x="396" y="161" w="22" h="23" pX="0.5" pY="1"/>
    <sprite dir="East" x="418" y="161" w="23" h="22" pX="0.5" pY="1"/>
    <sprite dir="East" x="441" y="161" w="23" h="24" pX="0.5" pY="1"/>
    <sprite dir="East" x="464" y="161" w="22" h="23" pX="0.5" pY="1"/>
    <sprite dir="North" x="486" y="161" w="25" h="23" pX="0.5" pY="1"/>
    <sprite dir="North" x="511" y="161" w="24" h="23" pX="0.5" pY="1"/>
    <sprite dir="North" x="535" y="161" w="25" h="23" pX="0.5" pY="1"/>
  </state>
  <state name="attack" speed="0.1" loop="false">
    <sprite dir="South" x="374" y="137" w="28" h="21" pX="0.5" pY="1"/>
    <sprite dir="South" x="402" y="137" w="24" h="22" pX="0.5" pY="1"/>
    <sprite dir="West" x="426" y="137" w="23" h="24" pX="0.5" pY="1"/>
    <sprite dir="West" x="449" y="137" w="23" h="23" pX="0.5" pY="1"/>
    <sprite dir="East" x="472" y="137" w="23" h="24" pX="0.5" pY="1"/>
    <sprite dir="East" x="495" y="137" w="23" h="23" pX="0.5" pY="1"/>
    <sprite dir="North" x="518" y="137" w="28" h="21" pX="0.5" pY="1"/>
    <sprite dir="North" x="546" y="137" w="24" h="22" pX="0.5" pY="1"/>
  </state>
  <state name ="death" speed="0" loop="false">
    <sprite dir="South" x="670" y="137" w="26" h="22" pX="0.5" pY="1"/>
    <sprite dir="West" x="0" y="161" w="25" h="24" pX="0.5" pY="1"/>
    <sprite dir="East" x="25" y="161" w="25" h="24" pX="0.5" pY="1"/>
    <sprite dir="North" x="50" y="161" w="28" h="22" pX="0.5" pY="1"/>
  </state>
  <state name="awakening" speed="0.1" loop="false">
    <sprite dir="South" x="570" y="137" w="18" h="19" pX="0.5" pY="1"/>
    <sprite dir="South" x="588" y="137" w="30" h="19" pX="0.5" pY="1"/>
    <sprite dir="South" x="618" y="137" w="28" h="21" pX="0.5" pY="1"/>
    <sprite dir="South" x="646" y="137" w="24" h="23" pX="0.5" pY="1"/>
  </state>
  <state name="rock" speed="0" loop="false">
    <sprite dir="South" x="570" y="137" w="18" h="19" pX="0.5" pY="1"/>
  </state>
</Animation>
