<?xml version="1.0" encoding="UTF-8"?>
<!-- Created with TexturePacker http://www.codeandweb.com/texturepacker-->
<!-- $TexturePacker:SmartUpdate:a9e0becb49c8bcb86c45e8ae3de441aa:d8d13d9037376a26c459985c785105c5:fb7bc41c3d5938a9bf77e023fd6debd3$ -->
<!--Format:
n  => name of the sprite
x  => sprite x pos in texture
y  => sprite y pos in texture
w  => sprite width (may be trimmed)
h  => sprite height (may be trimmed)
pX => x pos of the pivot point (relative to sprite width)
pY => y pos of the pivot point (relative to sprite height)
oX => sprite's x-corner offset (only available if trimmed)
oY => sprite's y-corner offset (only available if trimmed)
oW => sprite's original width (only available if trimmed)
oH => sprite's original height (only available if trimmed)
r => 'y' only set if sprite is rotated
with polygon mode enabled:
vertices   => points in sprite coordinate system (x0,y0,x1,y1,x2,y2, ...)
verticesUV => points in sheet coordinate system (x0,y0,x1,y1,x2,y2, ...)
triangles  => sprite triangulation, 3 vertex indices per triangle
-->
<Animation name="Golem" numberStates="7" imagePath="textures/PokemonSpriteSheet.png" width="422" height="422">
  <state name="idle" speed="0.05" loop="true">
    <sprite dir="North" x="53" y="205" w="24" h="23" pX="0.5" pY="1"/>
    <sprite dir="North" x="78" y="205" w="28" h="21" pX="0.5" pY="1"/>
    <sprite dir="South" x="107" y="205" w="24" h="23" pX="0.5" pY="1"/>
    <sprite dir="South" x="132" y="205" w="28" h="21" pX="0.5" pY="1"/>
    <sprite dir="West" x="161" y="205" w="23" h="24" pX="0.5" pY="1"/>
    <sprite dir="West" x="185" y="205" w="23" h="24" pX="0.5" pY="0.916667"/>
    <sprite dir="East" x="209" y="205" w="23" h="24" pX="0.5" pY="0.916667"/>
    <sprite dir="East" x="233" y="205" w="23" h="24" pX="0.5" pY="1"/>
  </state>
  <state name="walk" speed="0.15" loop="true">
    <sprite dir="North" x="257" y="205" w="25" h="23" pX="0.5" pY="1"/>
    <sprite dir="North" x="283" y="205" w="24" h="23" pX="0.5" pY="1"/>
    <sprite dir="North" x="308" y="205" w="25" h="23" pX="0.5" pY="1"/>
    <sprite dir="North" x="334" y="205" w="24" h="23" pX="0.5" pY="1"/>
    <sprite dir="South" x="359" y="205" w="26" h="23" pX="0.5" pY="1"/>
    <sprite dir="South" x="386" y="205" w="24" h="23" pX="0.5" pY="1"/>
    <sprite dir="South" x="1" y="230" w="26" h="23" pX="0.5" pY="1"/>
    <sprite dir="South" x="28" y="230" w="24" h="23" pX="0.5" pY="1"/>
    <sprite dir="West" x="53" y="230" w="23" h="22" pX="0.5" pY="1"/>
    <sprite dir="West" x="77" y="230" w="23" h="24" pX="0.5" pY="1"/>
    <sprite dir="West" x="101" y="230" w="22" h="23" pX="0.5" pY="1"/>
    <sprite dir="West" x="124" y="230" w="23" h="24" pX="0.5" pY="1"/>
    <sprite dir="East" x="148" y="230" w="23" h="22" pX="0.5" pY="1"/>
    <sprite dir="East" x="172" y="230" w="23" h="24" pX="0.5" pY="1"/>
    <sprite dir="East" x="196" y="230" w="22" h="23" pX="0.5" pY="1"/>
    <sprite dir="East" x="219" y="230" w="23" h="24" pX="0.5" pY="1"/>
  </state>
  <state name="attack" speed="0.1" loop="false">
    <sprite dir="North" x="37" y="180" w="28" h="21" pX="0.5" pY="1"/>
    <sprite dir="North" x="66" y="180" w="24" h="22" pX="0.5" pY="1.18182"/>
    <sprite dir="South" x="91" y="180" w="28" h="21" pX="0.5" pY="1"/>
    <sprite dir="South" x="120" y="180" w="24" h="22" pX="0.5" pY="0.818182"/>
    <sprite dir="West" x="145" y="180" w="23" h="24" pX="0.5" pY="1"/>
    <sprite dir="West" x="169" y="180" w="23" h="23" pX="0.673913" pY="1"/>
    <sprite dir="East" x="193" y="180" w="23" h="24" pX="0.5" pY="1"/>
    <sprite dir="East" x="217" y="180" w="23" h="23" pX="0.326087" pY="1"/>
  </state>
  <state name ="death" speed="0" loop="false">
    <sprite dir="North" x="345" y="180" w="28" h="22" pX="0.5" pY="1"/>
    <sprite dir="South" x="374" y="180" w="26" h="22" pX="0.5" pY="1"/>
    <sprite dir="West" x="1" y="205" w="25" h="24" pX="0.5" pY="1"/>
    <sprite dir="East" x="27" y="205" w="25" h="24" pX="0.5" pY="1"/>
  </state>
  <state name="special" speed="0" loop="false">
  </state>
  <state name="rock" speed="0" loop="false">
    <sprite dir="South" x="241" y="180" w="18" h="19" pX="0.5" pY="1"/>
  </state>
  <state name="awakening" speed="1" loop="false">
    <sprite dir="South" x="241" y="180" w="18" h="19" pX="0.5" pY="1"/>
    <sprite dir="South" x="260" y="180" w="30" h="19" pX="0.5" pY="1"/>
    <sprite dir="South" x="291" y="180" w="28" h="21" pX="0.5" pY="1"/>
    <sprite dir="South" x="320" y="180" w="24" h="23" pX="0.5" pY="1"/>
  </state>
    
</Animation>
