<?xml version="1.0" encoding="UTF-8"?>
<!-- Created with TexturePacker http://www.codeandweb.com/texturepacker-->
<!-- $TexturePacker:SmartUpdate:a9e0becb49c8bcb86c45e8ae3de441aa:d8d13d9037376a26c459985c785105c5:fb7bc41c3d5938a9bf77e023fd6debd3$ -->
<!--Format:
n  => name of the sprite
x  => sprite x pos in texture
y  => sprite y pos in texture
w  => sprite width (may be trimmed)
h  => sprite height (may be trimmed)
pX => x pos of the pivot point (relative to sprite width)
pY => y pos of the pivot point (relative to sprite height)
oX => sprite's x-corner offset (only available if trimmed)
oY => sprite's y-corner offset (only available if trimmed)
oW => sprite's original width (only available if trimmed)
oH => sprite's original height (only available if trimmed)
r => 'y' only set if sprite is rotated
with polygon mode enabled:
vertices   => points in sprite coordinate system (x0,y0,x1,y1,x2,y2, ...)
verticesUV => points in sheet coordinate system (x0,y0,x1,y1,x2,y2, ...)
triangles  => sprite triangulation, 3 vertex indices per triangle
-->
<Animation name="Golem" numberStates="7" imagePath="textures/PokemonSpriteSheet.png" width="422" height="422">
  <state name="idle" speed="0.05" loop="true">
    <sprite dir="North" x="363" y="168" w="24" h="23" pX="0.5" pY="1"/>
    <sprite dir="North" x="1" y="193" w="28" h="21" pX="0.5" pY="1"/>
    <sprite dir="South" x="30" y="193" w="24" h="23" pX="0.5" pY="1"/>
    <sprite dir="South" x="55" y="193" w="28" h="21" pX="0.5" pY="1"/>
    <sprite dir="West" x="84" y="193" w="23" h="24" pX="0.5" pY="1"/>
    <sprite dir="West" x="108" y="193" w="23" h="24" pX="0.5" pY="0.916667"/>
    <sprite dir="East" x="132" y="193" w="23" h="24" pX="0.5" pY="0.916667"/>
    <sprite dir="East" x="156" y="193" w="23" h="24" pX="0.5" pY="1"/>
  </state>
  <state name="walk" speed="0.15" loop="true">
    <sprite dir="North" x="180" y="193" w="25" h="23" pX="0.5" pY="1"/>
    <sprite dir="North" x="206" y="193" w="24" h="23" pX="0.5" pY="1"/>
    <sprite dir="North" x="231" y="193" w="25" h="23" pX="0.5" pY="1"/>
    <sprite dir="North" x="257" y="193" w="24" h="23" pX="0.5" pY="1"/>
    <sprite dir="South" x="282" y="193" w="26" h="23" pX="0.5" pY="1"/>
    <sprite dir="South" x="309" y="193" w="24" h="23" pX="0.5" pY="1"/>
    <sprite dir="South" x="334" y="193" w="26" h="23" pX="0.5" pY="1"/>
    <sprite dir="South" x="361" y="193" w="24" h="23" pX="0.5" pY="1"/>
    <sprite dir="West" x="386" y="193" w="23" h="22" pX="0.5" pY="1"/>
    <sprite dir="West" x="1" y="218" w="23" h="24" pX="0.5" pY="1"/>
    <sprite dir="West" x="25" y="218" w="22" h="23" pX="0.5" pY="1"/>
    <sprite dir="West" x="48" y="218" w="23" h="24" pX="0.5" pY="1"/>
    <sprite dir="East" x="72" y="218" w="23" h="22" pX="0.5" pY="1"/>
    <sprite dir="East" x="96" y="218" w="23" h="24" pX="0.5" pY="1"/>
    <sprite dir="East" x="120" y="218" w="22" h="23" pX="0.5" pY="1"/>
    <sprite dir="East" x="143" y="218" w="23" h="24" pX="0.5" pY="1"/>
  </state>
  <state name="attack" speed="0.1" loop="false">
    <sprite dir="North" x="352" y="135" w="28" h="21" pX="0.5" pY="1"/>
    <sprite dir="North" x="381" y="135" w="24" h="22" pX="0.5" pY="1.18182"/>
    <sprite dir="South" x="1" y="168" w="28" h="21" pX="0.5" pY="1"/>
    <sprite dir="South" x="30" y="168" w="24" h="22" pX="0.5" pY="0.818182"/>
    <sprite dir="West" x="55" y="168" w="23" h="24" pX="0.5" pY="1"/>
    <sprite dir="West" x="79" y="168" w="23" h="23" pX="0.673913" pY="1"/>
    <sprite dir="East" x="103" y="168" w="23" h="24" pX="0.5" pY="1"/>
    <sprite dir="East" x="127" y="168" w="23" h="23" pX="0.326087" pY="1"/>
  </state>
  <state name="rock" speed="0" loop="false">
    <sprite dir="South" x="151" y="168" w="18" h="19" pX="0.5" pY="1"/>
  </state>
  <state name="awakening" speed="0.2" loop="false">
    <sprite dir="South" x="151" y="168" w="18" h="19" pX="0.5" pY="1"/>
    <sprite dir="South" x="170" y="168" w="30" h="19" pX="0.5" pY="1"/>
    <sprite dir="South" x="201" y="168" w="28" h="21" pX="0.5" pY="1"/>
    <sprite dir="South" x="230" y="168" w="24" h="23" pX="0.5" pY="1"/>
  </state>
  <state name ="death" speed="0" loop="false">
    <sprite dir="North" x="255" y="168" w="28" h="22" pX="0.5" pY="1"/>
    <sprite dir="South" x="284" y="168" w="26" h="22" pX="0.5" pY="1"/>
    <sprite dir="West" x="311" y="168" w="25" h="24" pX="0.5" pY="1"/>
    <sprite dir="East" x="337" y="168" w="25" h="24" pX="0.5" pY="1"/>
  </state>
</Animation>
