<?xml version="1.0" encoding="UTF-8"?>
<!-- Created with TexturePacker http://www.codeandweb.com/texturepacker-->
<!-- $TexturePacker:SmartUpdate:b6be3d5d0fae449d9ee6d99aff3098f4:ff5f5eb39b1fd5fbcd1a903beec62a26:fb7bc41c3d5938a9bf77e023fd6debd3$ -->
<!--Format:
n  => name of the sprite
x  => sprite x pos in texture
y  => sprite y pos in texture
w  => sprite width (may be trimmed)
h  => sprite height (may be trimmed)
pX => x pos of the pivot point (relative to sprite width)
pY => y pos of the pivot point (relative to sprite height)
oX => sprite's x-corner offset (only available if trimmed)
oY => sprite's y-corner offset (only available if trimmed)
oW => sprite's original width (only available if trimmed)
oH => sprite's original height (only available if trimmed)
r => 'y' only set if sprite is rotated
with polygon mode enabled:
vertices   => points in sprite coordinate system (x0,y0,x1,y1,x2,y2, ...)
verticesUV => points in sheet coordinate system (x0,y0,x1,y1,x2,y2, ...)
triangles  => sprite triangulation, 3 vertex indices per triangle
-->
<Animation name="Groudon" numberStates="6" imagePath="textures/PokemonSpriteSheet.png" width="706" height="706">
  <state name="idle" speed="0.05" loop="true">
    <sprite dir="South" x="348" y="207" w="40" h="40" pX="0.5" pY="1"/>
    <sprite dir="South" x="388" y="207" w="56" h="34" pX="0.5" pY="1"/>
    <sprite dir="West" x="444" y="207" w="55" h="45" pX="0.5" pY="1"/>
    <sprite dir="West" x="499" y="207" w="54" h="47" pX="0.5" pY="1"/>
    <sprite dir="East" x="553" y="207" w="55" h="45" pX="0.5" pY="1"/>
    <sprite dir="East" x="608" y="207" w="54" h="47" pX="0.5" pY="1"/>
    <sprite dir="North" x="662" y="207" w="40" h="54" pX="0.5" pY="1"/>
    <sprite dir="North" x="0" y="261" w="54" h="44" pX="0.5" pY="1"/>
  </state>
  <state name="walk" speed="0.15" loop="true">
    <sprite dir="South" x="54" y="261" w="39" h="42" pX="0.5" pY="1"/>
    <sprite dir="South" x="93" y="261" w="40" h="40" pX="0.5" pY="1"/>
    <sprite dir="South" x="133" y="261" w="39" h="42" pX="0.5" pY="1"/>
    <sprite dir="West" x="172" y="261" w="56" h="44" pX="0.5" pY="1"/>
    <sprite dir="West" x="228" y="261" w="55" h="45" pX="0.5" pY="1"/>
    <sprite dir="West" x="283" y="261" w="53" h="43" pX="0.5" pY="1"/>
    <sprite dir="East" x="336" y="261" w="56" h="44" pX="0.5" pY="1"/>
    <sprite dir="East" x="392" y="261" w="55" h="45" pX="0.5" pY="1"/>
    <sprite dir="East" x="447" y="261" w="53" h="43" pX="0.5" pY="1"/>
    <sprite dir="North" x="500" y="261" w="37" h="53" pX="0.5" pY="1"/>
    <sprite dir="North" x="537" y="261" w="40" h="54" pX="0.5" pY="1"/>
    <sprite dir="North" x="577" y="261" w="37" h="53" pX="0.5" pY="1"/>
  </state>
  <state name="attack" speed="0.1" loop="false">
    <sprite dir="South" x="560" y="161" w="52" h="46" pX="0.5" pY="1"/>
    <sprite dir="West" x="612" y="161" w="61" h="40" pX="0.5" pY="1"/>
    <sprite dir="East" x="0" y="207" w="61" h="40" pX="0.5" pY="1"/>
    <sprite dir="North" x="61" y="207" w="50" h="37" pX="0.5" pY="1"/>
  </state>
  <state name="special" speed="0.1" loop="false">
    <sprite dir="South" x="614" y="261" w="47" h="50" pX="0.5" pY="1"/>
    <sprite dir="South" x="661" y="261" w="40" h="40" pX="0.5" pY="1"/>
    <sprite dir="South" x="0" y="315" w="52" h="46" pX="0.5" pY="1"/>
    <sprite dir="West" x="52" y="315" w="51" h="56" pX="0.5" pY="1"/>
    <sprite dir="West" x="103" y="315" w="55" h="45" pX="0.5" pY="1"/>
    <sprite dir="West" x="158" y="315" w="61" h="40" pX="0.5" pY="1"/>
    <sprite dir="East" x="219" y="315" w="51" h="56" pX="0.5" pY="1"/>
    <sprite dir="East" x="270" y="315" w="55" h="45" pX="0.5" pY="1"/>
    <sprite dir="East" x="325" y="315" w="61" h="40" pX="0.5" pY="1"/>
    <sprite dir="North" x="386" y="315" w="44" h="53" pX="0.5" pY="1"/>
    <sprite dir="North" x="430" y="315" w="40" h="54" pX="0.5" pY="1"/>
    <sprite dir="North" x="470" y="315" w="50" h="37" pX="0.5" pY="1"/>
  </state>
  <state name="hit" speed="0" loop="false">
    <sprite dir="South" x="111" y="207" w="47" h="38" pX="0.5" pY="1"/>
    <sprite dir="West" x="158" y="207" w="51" h="50" pX="0.5" pY="1"/>
    <sprite dir="East" x="209" y="207" w="51" h="50" pX="0.5" pY="1"/>
    <sprite dir="North" x="260" y="207" w="48" h="42" pX="0.5" pY="1"/>
  </state>
  <state name="death" speed="0.1" loop="false">
    <sprite dir="South" x="111" y="207" w="47" h="38" pX="0.5" pY="1"/>
    <sprite dir="South" x="308" y="207" w="40" h="14" pX="0.5" pY="1"/>
    <sprite dir="West" x="158" y="207" w="51" h="50" pX="0.5" pY="1"/>
    <sprite dir="West" x="308" y="207" w="40" h="14" pX="0.5" pY="1"/>
    <sprite dir="East" x="209" y="207" w="51" h="50" pX="0.5" pY="1"/>
    <sprite dir="East" x="308" y="207" w="40" h="14" pX="0.5" pY="1"/>
    <sprite dir="North" x="260" y="207" w="48" h="42" pX="0.5" pY="1"/>
    <sprite dir="North" x="308" y="207" w="40" h="14" pX="0.5" pY="1"/>
  </state>
                  
</Animation>
