<?xml version="1.0" encoding="UTF-8"?>
<!-- Created with TexturePacker http://www.codeandweb.com/texturepacker-->
<!-- $TexturePacker:SmartUpdate:c9682d11612f6549272368f62cf2d033:9c43309f113ea415bfb80284e11f2856:71b2ca0d8ee1130d075a39750f2b3e5c$ -->
<!--Format:
n  => name of the sprite
x  => sprite x pos in texture
y  => sprite y pos in texture
w  => sprite width (may be trimmed)
h  => sprite height (may be trimmed)
pX => x pos of the pivot point (relative to sprite width)
pY => y pos of the pivot point (relative to sprite height)
oX => sprite's x-corner offset (only available if trimmed)
oY => sprite's y-corner offset (only available if trimmed)
oW => sprite's original width (only available if trimmed)
oH => sprite's original height (only available if trimmed)
r => 'y' only set if sprite is rotated
with polygon mode enabled:
vertices   => points in sprite coordinate system (x0,y0,x1,y1,x2,y2, ...)
verticesUV => points in sheet coordinate system (x0,y0,x1,y1,x2,y2, ...)
triangles  => sprite triangulation, 3 vertex indices per triangle
-->
<Animation name="Link" numberStates="3" imagePath="textures/LinkAnimations.png" width="119" height="119">
  <state name="idle" speed="0" loop="false">
    <sprite dir="East" x="130" y="124" w="17" h="25" pX="0.58823" pY="0.80000"/>
    <sprite dir="North" x="51" y="155" w="17" h="25" pX="0.47059" pY="0.76000"/>
    <sprite dir="South" x="170" y="155" w="17" h="25" pX="0.47059" pY="0.76000"/>
    <sprite dir="West" x="85" y="180" w="17" h="24" pX="0.35294" pY="0.83333"/>
  </state>
  <state name="walk" speed="0.3" loop="true">
    <sprite dir="East" x="79" y="124" w="17" h="25" pX="0.52941" pY="0.80000"/>
    <sprite dir="East" x="96" y="124" w="17" h="25" pX="0.52941" pY="0.84000"/>
    <sprite dir="East" x="113" y="124" w="17" h="25" pX="0.58823" pY="0.84000"/>
    <sprite dir="East" x="130" y="124" w="17" h="25" pX="0.58823" pY="0.80000"/>
    <sprite dir="East" x="147" y="124" w="17" h="25" pX="0.58823" pY="0.84000"/>
    <sprite dir="East" x="164" y="124" w="17" h="25" pX="0.52941" pY="0.84000"/>
    <sprite dir="East" x="181" y="124" w="17" h="25" pX="0.58823" pY="0.80000"/>
    <sprite dir="North" x="0" y="155" w="17" h="25" pX="0.47059" pY="0.84000"/>
    <sprite dir="North" x="17" y="155" w="17" h="25" pX="0.47059" pY="0.80000"/>
    <sprite dir="North" x="34" y="155" w="17" h="25" pX="0.47059" pY="0.76000"/>
    <sprite dir="North" x="51" y="155" w="17" h="25" pX="0.47059" pY="0.76000"/>
    <sprite dir="North" x="68" y="155" w="17" h="25" pX="0.47059" pY="0.76000"/>
    <sprite dir="North" x="85" y="155" w="17" h="25" pX="0.47059" pY="0.80000"/>
    <sprite dir="North" x="102" y="155" w="17" h="25" pX="0.47059" pY="0.84000"/>
    <sprite dir="South" x="119" y="155" w="17" h="25" pX="0.47059" pY="0.84000"/>
    <sprite dir="South" x="136" y="155" w="17" h="25" pX="0.47059" pY="0.80000"/>
    <sprite dir="South" x="153" y="155" w="17" h="25" pX="0.47059" pY="0.76000"/>
    <sprite dir="South" x="170" y="155" w="17" h="25" pX="0.47059" pY="0.76000"/>
    <sprite dir="South" x="187" y="155" w="17" h="25" pX="0.47059" pY="0.76000"/>
    <sprite dir="South" x="0" y="180" w="17" h="25" pX="0.50000" pY="0.82000"/>
    <sprite dir="South" x="17" y="180" w="17" h="25" pX="0.47059" pY="0.84000"/>
    <sprite dir="West" x="34" y="180" w="17" h="24" pX="0.41176" pY="0.83333"/>
    <sprite dir="West" x="51" y="180" w="17" h="24" pX="0.41176" pY="0.87500"/>
    <sprite dir="West" x="68" y="180" w="17" h="24" pX="0.35294" pY="0.87500"/>
    <sprite dir="West" x="85" y="180" w="17" h="24" pX="0.35294" pY="0.83333"/>
    <sprite dir="West" x="102" y="180" w="17" h="24" pX="0.35294" pY="0.87500"/>
    <sprite dir="West" x="119" y="180" w="17" h="24" pX="0.41176" pY="0.87500"/>
    <sprite dir="West" x="136" y="180" w="17" h="24" pX="0.41176" pY="0.83333"/>
  </state>
  <state name="attack" speed="0.8" loop="false">
    <sprite dir="East" x="51" y="93" w="19" h="23" pX="0.52632" pY="0.86957"/>
    <sprite dir="East" x="70" y="93" w="18" h="23" pX="0.55556" pY="0.86957"/>
    <sprite dir="East" x="88" y="93" w="23" h="24" pX="0.43478" pY="0.87500"/>
    <sprite dir="East" x="111" y="93" w="26" h="24" pX="0.30769" pY="0.87500"/>
    <sprite dir="East" x="137" y="93" w="29" h="21" pX="0.27586" pY="0.85714"/>
    <sprite dir="East" x="166" y="93" w="31" h="21" pX="0.22581" pY="0.85714"/>
    <sprite dir="East" x="0" y="124" w="28" h="21" pX="0.28571" pY="0.85714"/>
    <sprite dir="East" x="28" y="124" w="28" h="28" pX="0.32143" pY="0.67857"/>
    <sprite dir="East" x="56" y="124" w="23" h="31" pX="0.39130" pY="0.61290"/>
    <sprite dir="North" x="0" y="0" w="23" h="22" pX="0.30435" pY="0.86364"/>
    <sprite dir="North" x="23" y="0" w="22" h="22" pX="0.31818" pY="0.86364"/>
    <sprite dir="North" x="45" y="0" w="23" h="24" pX="0.34783" pY="0.87500"/>
    <sprite dir="North" x="68" y="0" w="22" h="30" pX="0.36364" pY="0.90000"/>
    <sprite dir="North" x="90" y="0" w="20" h="32" pX="0.40000" pY="0.90625"/>
    <sprite dir="North" x="110" y="0" w="20" h="35" pX="0.40000" pY="0.91429"/>
    <sprite dir="North" x="130" y="0" w="24" h="30" pX="0.50000" pY="0.90000"/>
    <sprite dir="North" x="154" y="0" w="29" h="27" pX="0.58621" pY="0.88889"/>
    <sprite dir="North" x="0" y="35" w="32" h="23" pX="0.62500" pY="0.86957"/>
    <sprite dir="North" x="32" y="35" w="32" h="23" pX="0.62500" pY="0.86957"/>
    <sprite dir="South" x="64" y="35" w="20" h="23" pX="0.60000" pY="0.82609"/>
    <sprite dir="South" x="84" y="35" w="21" h="29" pX="0.61905" pY="0.62069"/>
    <sprite dir="South" x="105" y="35" w="20" h="31" pX="0.60000" pY="0.58064"/>
    <sprite dir="South" x="125" y="35" w="20" h="31" pX="0.55000" pY="0.48387"/>
    <sprite dir="South" x="145" y="35" w="28" h="29" pX="0.42857" pY="0.62069"/>
    <sprite dir="South" x="173" y="35" w="32" h="27" pX="0.37500" pY="0.66667"/>
    <sprite dir="South" x="0" y="66" w="32" h="27" pX="0.37500" pY="0.66667"/>
    <sprite dir="West" x="32" y="66" w="16" h="23" pX="0.31250" pY="0.82609"/>
    <sprite dir="West" x="48" y="66" w="18" h="23" pX="0.38889" pY="0.82609"/>
    <sprite dir="West" x="66" y="66" w="23" h="24" pX="0.52174" pY="0.83333"/>
    <sprite dir="West" x="89" y="66" w="26" h="24" pX="0.65385" pY="0.83333"/>
    <sprite dir="West" x="115" y="66" w="29" h="21" pX="0.68966" pY="0.80952"/>
    <sprite dir="West" x="144" y="66" w="31" h="21" pX="0.74194" pY="0.80952"/>
    <sprite dir="West" x="175" y="66" w="28" h="21" pX="0.67857" pY="0.80952"/>
    <sprite dir="West" x="0" y="93" w="28" h="28" pX="0.64286" pY="0.67857"/>
    <sprite dir="West" x="28" y="93" w="23" h="31" pX="0.56522" pY="0.61290"/>
  </state>
  <state name="walk_shield" speed="0.3" loop="true">
    <sprite dir="South" x="176" y="339" w="16" h="24" pX="0.5" pY="1"/>
    <sprite dir="South" x="192" y="339" w="16" h="23" pX="0.5" pY="1"/>
    <sprite dir="South" x="208" y="339" w="16" h="22" pX="0.5" pY="1"/>
    <sprite dir="South" x="0" y="363" w="16" h="22" pX="0.5" pY="1"/>
    <sprite dir="South" x="16" y="363" w="16" h="22" pX="0.5" pY="1"/>
    <sprite dir="South" x="32" y="363" w="16" h="23" pX="0.5" pY="1"/>
    <sprite dir="South" x="48" y="363" w="16" h="24" pX="0.5" pY="1"/>
    <sprite dir="North" x="64" y="363" w="17" h="24" pX="0.5" pY="1"/>
    <sprite dir="North" x="81" y="363" w="17" h="23" pX="0.5" pY="1"/>
    <sprite dir="North" x="98" y="363" w="17" h="22" pX="0.5" pY="1"/>
    <sprite dir="North" x="115" y="363" w="17" h="22" pX="0.5" pY="1"/>
    <sprite dir="North" x="132" y="363" w="17" h="22" pX="0.5" pY="1"/>
    <sprite dir="North" x="149" y="363" w="17" h="23" pX="0.5" pY="1"/>
    <sprite dir="North" x="166" y="363" w="17" h="24" pX="0.5" pY="1"/>
    <sprite dir="East" x="183" y="363" w="18" h="23" pX="0.5" pY="1"/>
    <sprite dir="East" x="201" y="363" w="18" h="24" pX="0.5" pY="1"/>
    <sprite dir="East" x="0" y="387" w="19" h="24" pX="0.5" pY="1"/>
    <sprite dir="East" x="19" y="387" w="19" h="23" pX="0.5" pY="1"/>
    <sprite dir="East" x="38" y="387" w="19" h="24" pX="0.5" pY="1"/>
    <sprite dir="East" x="57" y="387" w="18" h="24" pX="0.5" pY="1"/>
    <sprite dir="East" x="75" y="387" w="19" h="23" pX="0.5" pY="1"/>
    <sprite dir="West" x="94" y="387" w="18" h="23" pX="0.5" pY="1"/>
    <sprite dir="West" x="112" y="387" w="18" h="24" pX="0.5" pY="1"/>
    <sprite dir="West" x="130" y="387" w="19" h="24" pX="0.5" pY="1"/>
    <sprite dir="West" x="149" y="387" w="19" h="23" pX="0.5" pY="1"/>
    <sprite dir="West" x="168" y="387" w="19" h="24" pX="0.5" pY="1"/>
    <sprite dir="West" x="187" y="387" w="18" h="24" pX="0.5" pY="1"/>
    <sprite dir="West" x="205" y="387" w="19" h="23" pX="0.5" pY="1"/>
  </state>
  <state name="bow" speed="0.3" loop="false">
    <sprite dir="South" x="205" y="0" w="17" h="24" pX="0.5" pY="1"/>
    <sprite dir="South" x="0" y="205" w="18" h="21" pX="0.5" pY="1"/>
    <sprite dir="South" x="18" y="205" w="18" h="22" pX="0.5" pY="1"/>
    <sprite dir="West" x="36" y="205" w="17" h="23" pX="0.5" pY="1"/>
    <sprite dir="West" x="53" y="205" w="19" h="22" pX="0.5" pY="1"/>
    <sprite dir="West" x="72" y="205" w="20" h="23" pX="0.5" pY="1"/>
    <sprite dir="East" x="92" y="205" w="17" h="23" pX="0.5" pY="1"/>
    <sprite dir="East" x="109" y="205" w="19" h="22" pX="0.5" pY="1"/>
    <sprite dir="East" x="128" y="205" w="20" h="23" pX="0.5" pY="1"/>
    <sprite dir="North" x="148" y="205" w="18" h="22" pX="0.5" pY="1"/>
    <sprite dir="North" x="166" y="205" w="21" h="21" pX="0.5" pY="1"/>
    <sprite dir="North" x="187" y="205" w="21" h="22" pX="0.5" pY="1"/>
  </state>
  <state name="catch" speed="0.3" loop="false">
    <sprite dir="South" x="208" y="205" w="11" h="19" pX="0.5" pY="1"/>
    <sprite dir="South" x="0" y="228" w="30" h="18" pX="0.5" pY="1"/>
    <sprite dir="South" x="30" y="228" w="34" h="18" pX="0.5" pY="1"/>
    <sprite dir="South" x="64" y="228" w="34" h="28" pX="0.5" pY="1"/>
    <sprite dir="South" x="98" y="228" w="16" h="22" pX="0.5" pY="1"/>
    <sprite dir="South" x="114" y="228" w="16" h="18" pX="0.5" pY="1"/>
    <sprite dir="West" x="130" y="228" w="25" h="20" pX="0.5" pY="1"/>
    <sprite dir="West" x="155" y="228" w="31" h="21" pX="0.5" pY="1"/>
    <sprite dir="West" x="186" y="228" w="34" h="21" pX="0.5" pY="1"/>
    <sprite dir="West" x="0" y="256" w="31" h="21" pX="0.5" pY="1"/>
    <sprite dir="West" x="31" y="256" w="20" h="22" pX="0.5" pY="1"/>
    <sprite dir="West" x="51" y="256" w="16" h="19" pX="0.5" pY="1"/>
    <sprite dir="East" x="67" y="256" w="25" h="20" pX="0.5" pY="1"/>
    <sprite dir="East" x="92" y="256" w="31" h="21" pX="0.5" pY="1"/>
    <sprite dir="East" x="123" y="256" w="34" h="21" pX="0.5" pY="1"/>
    <sprite dir="East" x="157" y="256" w="31" h="21" pX="0.5" pY="1"/>
    <sprite dir="East" x="188" y="256" w="20" h="22" pX="0.5" pY="1"/>
    <sprite dir="East" x="208" y="256" w="16" h="19" pX="0.5" pY="1"/>
    <sprite dir="North" x="0" y="278" w="16" h="15" pX="0.5" pY="1"/>
    <sprite dir="North" x="16" y="278" w="28" h="15" pX="0.5" pY="1"/>
    <sprite dir="North" x="44" y="278" w="32" h="15" pX="0.5" pY="1"/>
    <sprite dir="North" x="76" y="278" w="32" h="16" pX="0.5" pY="1"/>
    <sprite dir="North" x="108" y="278" w="16" h="17" pX="0.5" pY="1"/>
    <sprite dir="North" x="124" y="278" w="16" h="18" pX="0.5" pY="1"/>
  </state>
  <state name="fall" speed="0.3" loop="false">
    <sprite dir="South" x="140" y="278" w="31" h="30" pX="0.5" pY="0.5"/>
    <sprite dir="South" x="171" y="278" w="22" h="30" pX="0.5" pY="0.5"/>
    <sprite dir="South" x="193" y="278" w="18" h="30" pX="0.5" pY="0.5"/>
    <sprite dir="South" x="0" y="308" w="17" h="30" pX="0.5" pY="0.5"/>
  </state>
  <state name="hit" speed="0.3" loop="false">
    <sprite dir="South" x="17" y="308" w="16" h="21" pX="0.5" pY="1"/>
    <sprite dir="West" x="33" y="308" w="16" h="21" pX="0.5" pY="1"/>
    <sprite dir="East" x="49" y="308" w="16" h="21" pX="0.5" pY="1"/>
    <sprite dir="North" x="65" y="308" w="16" h="19" pX="0.5" pY="1"/>
  </state>
  <state name="hook" speed="0.3" loop="false">
    <sprite dir="South" x="81" y="308" w="20" h="30" pX="0.5" pY="1"/>
    <sprite dir="West" x="101" y="308" w="23" h="22" pX="0.5" pY="1"/>
    <sprite dir="East" x="124" y="308" w="23" h="22" pX="0.5" pY="1"/>
    <sprite dir="North" x="147" y="308" w="20" h="31" pX="0.5" pY="1"/>
  </state>
  <state name="push" speed="0.3" loop="true">
    <sprite dir="South" x="167" y="308" w="16" h="18" pX="0.5" pY="1"/>
    <sprite dir="South" x="183" y="308" w="16" h="19" pX="0.5" pY="1"/>
    <sprite dir="South" x="199" y="308" w="16" h="20" pX="0.5" pY="1"/>
    <sprite dir="West" x="0" y="339" w="16" h="23" pX="0.5" pY="1"/>
    <sprite dir="West" x="16" y="339" w="16" h="23" pX="0.5" pY="1"/>
    <sprite dir="West" x="32" y="339" w="16" h="22" pX="0.5" pY="1"/>
    <sprite dir="West" x="48" y="339" w="16" h="21" pX="0.5" pY="1"/>
    <sprite dir="East" x="64" y="339" w="16" h="23" pX="0.5" pY="1"/>
    <sprite dir="East" x="80" y="339" w="16" h="23" pX="0.5" pY="1"/>
    <sprite dir="East" x="96" y="339" w="16" h="22" pX="0.5" pY="1"/>
    <sprite dir="East" x="112" y="339" w="16" h="21" pX="0.5" pY="1"/>
    <sprite dir="North" x="128" y="339" w="16" h="22" pX="0.5" pY="1"/>
    <sprite dir="North" x="144" y="339" w="16" h="21" pX="0.5" pY="1"/>
    <sprite dir="North" x="160" y="339" w="16" h="21" pX="0.5" pY="1"/>
  </state>
</Animation>
