<?xml version="1.0" encoding="UTF-8"?>
<!-- Created with TexturePacker http://www.codeandweb.com/texturepacker-->
<!-- $TexturePacker:SmartUpdate:61c0b143463e0940b6d985462e7b13ef:a395c640702da34523d9f2e555f5518e:aea0cf4daa19d7fe093e2265e74b5855$ -->
<!--Format:
n  => name of the sprite
x  => sprite x pos in texture
y  => sprite y pos in texture
w  => sprite width (may be trimmed)
h  => sprite height (may be trimmed)
pX => x pos of the pivot point (relative to sprite width)
pY => y pos of the pivot point (relative to sprite height)
oX => sprite's x-corner offset (only available if trimmed)
oY => sprite's y-corner offset (only available if trimmed)
oW => sprite's original width (only available if trimmed)
oH => sprite's original height (only available if trimmed)
r => 'y' only set if sprite is rotated
with polygon mode enabled:
vertices   => points in sprite coordinate system (x0,y0,x1,y1,x2,y2, ...)
verticesUV => points in sheet coordinate system (x0,y0,x1,y1,x2,y2, ...)
triangles  => sprite triangulation, 3 vertex indices per triangle
-->
<Animation name="RedMinion" numberStates="2" imagePath="textures/Enemies.png" width="128" height="327">
  <state name="walking" speed="0.1" loop="true">
    <sprite dir="East" x="0" y="276" w="17" h="25" pX="0.5" pY="0.5417"/>
    <sprite dir="East" x="18" y="276" w="18" h="24" pX="0.526146" pY="0.56"/>
    <sprite dir="North" x="37" y="276" w="22" h="25" pX="0.5" pY="0.52"/>
    <sprite dir="North" x="60" y="276" w="22" h="25" pX="0.5" pY="0.5"/>
    <sprite dir="North" x="83" y="276" w="22" h="25" pX="0.5" pY="0.52"/>
    <sprite dir="North" x="106" y="276" w="22" h="25" pX="0.5" pY="0.5"/>
    <sprite dir="South" x="0" y="302" w="22" h="25" pX="0.5" pY="0.52"/>
    <sprite dir="South" x="23" y="302" w="22" h="25" pX="0.5" pY="0.5"/>
    <sprite dir="South" x="46" y="302" w="22" h="25" pX="0.5" pY="0.52"/>
    <sprite dir="South" x="69" y="302" w="22" h="25" pX="0.5" pY="0.5"/>
    <sprite dir="West" x="92" y="302" w="18" h="24" pX="0.5" pY="0.5"/>
    <sprite dir="West" x="111" y="302" w="17" h="25" pX="0.5" pY="0.5"/>      
  </state>
</Animation>
