<?xml version="1.0" encoding="UTF-8"?>
<!-- Created with TexturePacker http://www.codeandweb.com/texturepacker-->
<!-- $TexturePacker:SmartUpdate:61c0b143463e0940b6d985462e7b13ef:a395c640702da34523d9f2e555f5518e:aea0cf4daa19d7fe093e2265e74b5855$ -->
<!--Format:
n  => name of the sprite
x  => sprite x pos in texture
y  => sprite y pos in texture
w  => sprite width (may be trimmed)
h  => sprite height (may be trimmed)
pX => x pos of the pivot point (relative to sprite width)
pY => y pos of the pivot point (relative to sprite height)
oX => sprite's x-corner offset (only available if trimmed)
oY => sprite's y-corner offset (only available if trimmed)
oW => sprite's original width (only available if trimmed)
oH => sprite's original height (only available if trimmed)
r => 'y' only set if sprite is rotated
with polygon mode enabled:
vertices   => points in sprite coordinate system (x0,y0,x1,y1,x2,y2, ...)
verticesUV => points in sheet coordinate system (x0,y0,x1,y1,x2,y2, ...)
triangles  => sprite triangulation, 3 vertex indices per triangle
-->
<Animation name="RedMinion" numberStates="4" imagePath="textures/Enemies.png" width="128" height="353">
  <state name="spawning" speed="0.3" loop="true">
    <sprite dir="South" x="0" y="328" w="24" h="12" pX="0.5" pY="0.5"/>
    <sprite dir="South" x="25" y="328" w="24" h="12" pX="0.5" pY="0.5"/>
    <sprite dir="South" x="50" y="328" w="24" h="12" pX="0.5" pY="0.5"/>
    <sprite dir="South" x="75" y="328" w="24" h="12" pX="0.5" pY="0.5"/>
    <sprite dir="South" x="100" y="328" w="24" h="12" pX="0.5" pY="0.5"/>
  </state>
  <state name="walking" speed="0.1" loop="true">
    <sprite dir="East" x="0" y="276" w="17" h="25" pX="0.5" pY="0.5417"/>
    <sprite dir="East" x="18" y="276" w="18" h="24" pX="0.526146" pY="0.56"/>
    <sprite dir="North" x="37" y="276" w="22" h="25" pX="0.5" pY="0.52"/>
    <sprite dir="North" x="60" y="276" w="22" h="25" pX="0.5" pY="0.5"/>
    <sprite dir="North" x="83" y="276" w="22" h="25" pX="0.5" pY="0.52"/>
    <sprite dir="North" x="106" y="276" w="22" h="25" pX="0.5" pY="0.5"/>
    <sprite dir="South" x="0" y="302" w="22" h="25" pX="0.5" pY="0.52"/>
    <sprite dir="South" x="23" y="302" w="22" h="25" pX="0.5" pY="0.5"/>
    <sprite dir="South" x="46" y="302" w="22" h="25" pX="0.5" pY="0.52"/>
    <sprite dir="South" x="69" y="302" w="22" h="25" pX="0.5" pY="0.5"/>
    <sprite dir="West" x="92" y="302" w="18" h="24" pX="0.5" pY="0.5"/>
    <sprite dir="West" x="111" y="302" w="17" h="25" pX="0.5" pY="0.5"/>      
  </state>
  <state name="dying" speed="0.3" loop="false">
    <sprite dir="South" x="44" y="119" w="16" h="15" pX="0.5" pY="0.5"/>
    <sprite dir="South" x="1" y="136" w="14" h="14" pX="0.5" pY="0.5"/>
    <sprite dir="South" x="16" y="136" w="22" h="22" pX="0.5" pY="0.5"/>
    <sprite dir="South" x="39" y="136" w="24" h="22" pX="0.5" pY="0.5"/>
  </state>
  <state name="exploding" speed="0.3" loop="false">
    <sprite dir="South" x="57" y="1" w="14" h="14" pX="0.5" pY="0.5"/>
    <sprite dir="South" x="72" y="1" w="30" h="30" pX="0.5" pY="0.5"/>
    <sprite dir="South" x="1" y="32" w="30" h="32" pX="0.5" pY="0.5"/>
    <sprite dir="South" x="32" y="32" w="44" h="46" pX="0.5" pY="0.5"/>
    <sprite dir="South" x="77" y="32" w="28" h="30" pX="0.5" pY="0.5"/>
    <sprite dir="South" x="1" y="79" w="39" h="39" pX="0.5" pY="0.5"/>
    <sprite dir="South" x="41" y="79" w="42" h="41" pX="0.5" pY="0.5"/>
    <sprite dir="South" x="84" y="79" w="43" h="38" pX="0.5" pY="0.5"/>
  </state>
</Animation>
