<?xml version="1.0" encoding="UTF-8"?>
<!-- Created with TexturePacker http://www.codeandweb.com/texturepacker-->
<!-- $TexturePacker:SmartUpdate:b6be3d5d0fae449d9ee6d99aff3098f4:ff5f5eb39b1fd5fbcd1a903beec62a26:fb7bc41c3d5938a9bf77e023fd6debd3$ -->
<!--Format:
n  => name of the sprite
x  => sprite x pos in texture
y  => sprite y pos in texture
w  => sprite width (may be trimmed)
h  => sprite height (may be trimmed)
pX => x pos of the pivot point (relative to sprite width)
pY => y pos of the pivot point (relative to sprite height)
oX => sprite's x-corner offset (only available if trimmed)
oY => sprite's y-corner offset (only available if trimmed)
oW => sprite's original width (only available if trimmed)
oH => sprite's original height (only available if trimmed)
r => 'y' only set if sprite is rotated
with polygon mode enabled:
vertices   => points in sprite coordinate system (x0,y0,x1,y1,x2,y2, ...)
verticesUV => points in sheet coordinate system (x0,y0,x1,y1,x2,y2, ...)
triangles  => sprite triangulation, 3 vertex indices per triangle
-->
<Animation name="Salamance" numberStates="6" imagePath="textures/PokemonSpriteSheet.png" width="706" height="706">
  <state name="idle" speed="0" loop="false">
    <sprite dir="South" x="623" y="371" w="52" h="31" pX="0.5" pY="1"/>
    <sprite dir="West" x="90" y="425" w="47" h="32" pX="0.5" pY="1"/>
    <sprite dir="East" x="224" y="425" w="47" h="32" pX="0.5" pY="1"/>
    <sprite dir="North" x="358" y="425" w="41" h="33" pX="0.5" pY="1"/>
  </state>
  <state name="walk" speed="0.15" loop="true">
    <sprite dir="South" x="623" y="371" w="52" h="31" pX="0.5" pY="1"/>
    <sprite dir="South" x="0" y="425" w="46" h="32" pX="0.5" pY="1"/>
    <sprite dir="South" x="46" y="425" w="44" h="29" pX="0.5" pY="1"/>
    <sprite dir="West" x="90" y="425" w="47" h="32" pX="0.5" pY="1"/>
    <sprite dir="West" x="137" y="425" w="47" h="35" pX="0.5" pY="1"/>
    <sprite dir="West" x="184" y="425" w="40" h="38" pX="0.5" pY="1"/>
    <sprite dir="East" x="224" y="425" w="47" h="32" pX="0.5" pY="1"/>
    <sprite dir="East" x="271" y="425" w="47" h="35" pX="0.5" pY="1"/>
    <sprite dir="East" x="318" y="425" w="40" h="38" pX="0.5" pY="1"/>
    <sprite dir="North" x="358" y="425" w="41" h="33" pX="0.5" pY="1"/>
    <sprite dir="North" x="399" y="425" w="41" h="45" pX="0.5" pY="1"/>
    <sprite dir="North" x="440" y="425" w="41" h="50" pX="0.5" pY="1"/>
  </state>
  <state name="attack" speed="0.1" loop="false">
    <sprite dir="South" x="520" y="315" w="52" h="31" pX="0.5" pY="1"/>
    <sprite dir="South" x="572" y="315" w="50" h="37" pX="0.5" pY="1"/>
    <sprite dir="South" x="622" y="315" w="50" h="37" pX="0.5" pY="1"/>
    <sprite dir="West" x="0" y="371" w="47" h="32" pX="0.5" pY="1"/>
    <sprite dir="West" x="47" y="371" w="55" h="28" pX="0.5" pY="1"/>
    <sprite dir="West" x="102" y="371" w="55" h="28" pX="0.5" pY="1"/>
    <sprite dir="East" x="157" y="371" w="47" h="32" pX="0.5" pY="1"/>
    <sprite dir="East" x="204" y="371" w="55" h="28" pX="0.5" pY="1"/>
    <sprite dir="East" x="259" y="371" w="55" h="28" pX="0.5" pY="1"/>
    <sprite dir="North" x="314" y="371" w="41" h="33" pX="0.5" pY="1"/>
    <sprite dir="North" x="355" y="371" w="41" h="40" pX="0.5" pY="1"/>
    <sprite dir="North" x="396" y="371" w="41" h="40" pX="0.5" pY="1"/>
  </state>
  <state name="special" speed="0.1" loop="false">
    <sprite dir="South" x="481" y="425" w="54" h="29" pX="0.5" pY="1"/>
    <sprite dir="West" x="535" y="425" w="49" h="33" pX="0.5" pY="1"/>
    <sprite dir="East" x="584" y="425" w="49" h="33" pX="0.5" pY="1"/>
    <sprite dir="North" x="633" y="425" w="45" h="31" pX="0.5" pY="1"/>
  </state>
  <state name="hit" speed="0" loop="false">
    <sprite dir="South" x="437" y="371" w="43" h="44" pX="0.5" pY="1"/>
    <sprite dir="West" x="480" y="371" w="40" h="54" pX="0.5" pY="1"/>
    <sprite dir="East" x="520" y="371" w="40" h="54" pX="0.5" pY="1"/>
    <sprite dir="North" x="560" y="371" w="41" h="54" pX="0.5" pY="1"/>
  </state>
  <state name="death" speed="0.1" loop="false">
    <sprite dir="South" x="437" y="371" w="43" h="44" pX="0.5" pY="1"/>
    <sprite dir="South" x="601" y="371" w="22" h="8" pX="0.5" pY="1"/>
    <sprite dir="West" x="480" y="371" w="40" h="54" pX="0.5" pY="1"/>
    <sprite dir="West" x="601" y="371" w="22" h="8" pX="0.5" pY="1"/>
    <sprite dir="East" x="520" y="371" w="40" h="54" pX="0.5" pY="1"/>
    <sprite dir="East" x="601" y="371" w="22" h="8" pX="0.5" pY="1"/>
    <sprite dir="North" x="560" y="371" w="41" h="54" pX="0.5" pY="1"/>
    <sprite dir="North" x="601" y="371" w="22" h="8" pX="0.5" pY="1"/>
  </state>   
                  
</Animation>
