<?xml version="1.0" encoding="UTF-8"?>
<!-- Created with TexturePacker http://www.codeandweb.com/texturepacker-->
<!-- $TexturePacker:SmartUpdate:b6be3d5d0fae449d9ee6d99aff3098f4:ff5f5eb39b1fd5fbcd1a903beec62a26:fb7bc41c3d5938a9bf77e023fd6debd3$ -->
<!--Format:
n  => name of the sprite
x  => sprite x pos in texture
y  => sprite y pos in texture
w  => sprite width (may be trimmed)
h  => sprite height (may be trimmed)
pX => x pos of the pivot point (relative to sprite width)
pY => y pos of the pivot point (relative to sprite height)
oX => sprite's x-corner offset (only available if trimmed)
oY => sprite's y-corner offset (only available if trimmed)
oW => sprite's original width (only available if trimmed)
oH => sprite's original height (only available if trimmed)
r => 'y' only set if sprite is rotated
with polygon mode enabled:
vertices   => points in sprite coordinate system (x0,y0,x1,y1,x2,y2, ...)
verticesUV => points in sheet coordinate system (x0,y0,x1,y1,x2,y2, ...)
triangles  => sprite triangulation, 3 vertex indices per triangle
-->
<Animation name="Sceptile" numberStates="5" imagePath="textures/PokemonSpriteSheet.png" width="706" height="706">
  <state name="idle" speed="0.05" loop="true">
    <sprite dir="North" x="474" y="475" w="25" h="26" pX="0.5" pY="1"/>
    <sprite dir="North" x="499" y="475" w="23" h="28" pX="0.5" pY="1"/>
    <sprite dir="South" x="308" y="475" w="25" h="24" pX="0.5" pY="1"/>
    <sprite dir="South" x="333" y="475" w="27" h="22" pX="0.5" pY="1"/>
    <sprite dir="West" x="360" y="475" w="28" h="26" pX="0.5" pY="1"/>
    <sprite dir="West" x="388" y="475" w="29" h="24" pX="0.5" pY="1"/>
    <sprite dir="East" x="417" y="475" w="28" h="26" pX="0.5" pY="1"/>
    <sprite dir="East" x="445" y="475" w="29" h="24" pX="0.5" pY="1"/>
  </state>
  <state name="walk" speed="0.15" loop="true">
    <sprite dir="North" x="680" y="475" w="20" h="27" pX="0.5" pY="1"/>
    <sprite dir="North" x="0" y="516" w="20" h="27" pX="0.5" pY="1"/>
    <sprite dir="South" x="522" y="475" w="23" h="25" pX="0.5" pY="1"/>
    <sprite dir="South" x="545" y="475" w="23" h="25" pX="0.5" pY="1"/>
    <sprite dir="West" x="568" y="475" w="28" h="26" pX="0.5" pY="1"/>
    <sprite dir="West" x="596" y="475" w="28" h="25" pX="0.5" pY="1"/>
    <sprite dir="East" x="624" y="475" w="28" h="26" pX="0.5" pY="1"/>
    <sprite dir="East" x="652" y="475" w="28" h="25" pX="0.5" pY="1"/>
  </state>
  <state name="attack" speed="0.1" loop="false">
    <sprite dir="North" x="132" y="475" w="25" h="23" pX="0.5" pY="1"/>
    <sprite dir="North" x="157" y="475" w="25" h="41" pX="0.5" pY="1"/>
    <sprite dir="South" x="678" y="425" w="19" h="22" pX="0.5" pY="1"/>
    <sprite dir="South" x="0" y="475" w="22" h="34" pX="0.5" pY="1"/>
    <sprite dir="West" x="22" y="475" w="23" h="22" pX="0.5" pY="1"/>
    <sprite dir="West" x="45" y="475" w="32" h="35" pX="0.5" pY="1"/>
    <sprite dir="East" x="77" y="475" w="23" h="22" pX="0.5" pY="1"/>
    <sprite dir="East" x="100" y="475" w="32" h="35" pX="0.5" pY="1"/>
  </state>
  <state name="death" speed="0.1" loop="false">
    <sprite dir="North" x="265" y="475" w="29" h="32" pX="0.5" pY="1"/>
    <sprite dir="North" x="294" y="475" w="14" h="6" pX="0.5" pY="1"/>
    <sprite dir="South" x="182" y="475" w="27" h="30" pX="0.5" pY="1"/>
    <sprite dir="South" x="294" y="475" w="14" h="6" pX="0.5" pY="1"/>
    <sprite dir="West" x="209" y="475" w="28" h="28" pX="0.5" pY="1"/>
    <sprite dir="West" x="294" y="475" w="14" h="6" pX="0.5" pY="1"/>
    <sprite dir="East" x="237" y="475" w="28" h="28" pX="0.5" pY="1"/>
    <sprite dir="East" x="294" y="475" w="14" h="6" pX="0.5" pY="1"/>
  </state>
  <state name="special" speed="0.1" loop="false">
    <sprite dir="North" x="204" y="516" w="28" h="36" pX="0.5" pY="1"/>
    <sprite dir="North" x="232" y="516" w="35" h="28" pX="0.5" pY="1"/>
    <sprite dir="South" x="20" y="516" w="29" h="30" pX="0.5" pY="1"/>
    <sprite dir="South" x="49" y="516" w="37" h="23" pX="0.5" pY="1"/>
    <sprite dir="West" x="86" y="516" w="23" h="32" pX="0.5" pY="1"/>
    <sprite dir="West" x="109" y="516" w="36" h="23" pX="0.5" pY="1"/>
    <sprite dir="East" x="145" y="516" w="23" h="32" pX="0.5" pY="1"/>
    <sprite dir="East" x="168" y="516" w="36" h="23" pX="0.5" pY="1"/>
  </state>    
                  
</Animation>
