<?xml version="1.0" encoding="UTF-8"?>
<!-- Created with TexturePacker http://www.codeandweb.com/texturepacker-->
<!-- $TexturePacker:SmartUpdate:b6be3d5d0fae449d9ee6d99aff3098f4:ff5f5eb39b1fd5fbcd1a903beec62a26:fb7bc41c3d5938a9bf77e023fd6debd3$ -->
<!--Format:
n  => name of the sprite
x  => sprite x pos in texture
y  => sprite y pos in texture
w  => sprite width (may be trimmed)
h  => sprite height (may be trimmed)
pX => x pos of the pivot point (relative to sprite width)
pY => y pos of the pivot point (relative to sprite height)
oX => sprite's x-corner offset (only available if trimmed)
oY => sprite's y-corner offset (only available if trimmed)
oW => sprite's original width (only available if trimmed)
oH => sprite's original height (only available if trimmed)
r => 'y' only set if sprite is rotated
with polygon mode enabled:
vertices   => points in sprite coordinate system (x0,y0,x1,y1,x2,y2, ...)
verticesUV => points in sheet coordinate system (x0,y0,x1,y1,x2,y2, ...)
triangles  => sprite triangulation, 3 vertex indices per triangle
-->
<Animation name="Sceptile" numberStates="5" imagePath="PokemonSpriteSheet.png" width="415" height="415">
  <state name="idle" speed="0.05" loop="true">
    <sprite dir="North" x="167" y="218" w="25" h="26" pX="0.5" pY="1"/>
    <sprite dir="North" x="193" y="218" w="23" h="28" pX="0.5" pY="1"/>
    <sprite dir="South" x="1" y="251" w="25" h="24" pX="0.5" pY="1"/>
    <sprite dir="South" x="27" y="251" w="27" h="22" pX="0.5" pY="1"/>
    <sprite dir="West" x="55" y="251" w="28" h="26" pX="0.5" pY="1"/>
    <sprite dir="West" x="84" y="251" w="29" h="24" pX="0.5" pY="1"/>
    <sprite dir="East" x="114" y="251" w="28" h="26" pX="0.5" pY="1"/>
    <sprite dir="East" x="143" y="251" w="29" h="24" pX="0.5" pY="1"/>
  </state>
  <state name="walk" speed="0.15" loop="true">
    <sprite dir="North" x="227" y="315" w="20" h="27" pX="0.5" pY="1"/>
    <sprite dir="North" x="248" y="315" w="25" h="26" pX="0.5" pY="1"/>
    <sprite dir="North" x="274" y="315" w="20" h="27" pX="0.5" pY="1"/>
    <sprite dir="North" x="295" y="315" w="25" h="26" pX="0.5" pY="1"/>
    <sprite dir="South" x="321" y="315" w="23" h="25" pX="0.5" pY="1"/>
    <sprite dir="South" x="345" y="315" w="25" h="24" pX="0.5" pY="1"/>
    <sprite dir="South" x="371" y="315" w="23" h="25" pX="0.5" pY="1"/>
    <sprite dir="South" x="1" y="344" w="25" h="24" pX="0.5" pY="1"/>
    <sprite dir="West" x="27" y="344" w="28" h="26" pX="0.5" pY="1"/>
    <sprite dir="West" x="56" y="344" w="28" h="26" pX="0.5" pY="1"/>
    <sprite dir="West" x="85" y="344" w="28" h="25" pX="0.5" pY="1"/>
    <sprite dir="West" x="114" y="344" w="28" h="26" pX="0.5" pY="1"/>
    <sprite dir="East" x="143" y="344" w="28" h="26" pX="0.5" pY="1"/>
    <sprite dir="East" x="172" y="344" w="28" h="26" pX="0.5" pY="1"/>
    <sprite dir="East" x="201" y="344" w="28" h="25" pX="0.5" pY="1"/>
    <sprite dir="East" x="230" y="344" w="28" h="26" pX="0.5" pY="1"/>
  </state>
  <state name="attack" speed="0.175" loop="false">
    <sprite dir="North" x="363" y="1" w="25" h="23" pX="0.5" pY="1"/>
    <sprite dir="North" x="389" y="1" w="25" h="41" pX="0.5" pY="1"/>
    <sprite dir="South" x="53" y="43" w="19" h="22" pX="0.5" pY="1"/>
    <sprite dir="South" x="73" y="43" w="22" h="34" pX="0.5" pY="0.764706"/>
    <sprite dir="West" x="154" y="43" w="23" h="22" pX="0.5" pY="1"/>
    <sprite dir="West" x="178" y="43" w="32" h="35" pX="0.5" pY="1"/>
    <sprite dir="East" x="267" y="43" w="23" h="22" pX="0.5" pY="1"/>
    <sprite dir="East" x="291" y="43" w="32" h="35" pX="0.5" pY="1"/>
  </state>
  <state name="death" speed="0" loop="false">
    <sprite dir="North" x="380" y="43" w="29" h="32" pX="0.5" pY="1"/>
    <sprite dir="South" x="141" y="79" w="27" h="30" pX="0.5" pY="1"/>
    <sprite dir="West" x="198" y="79" w="28" h="28" pX="0.5" pY="1"/>
    <sprite dir="East" x="257" y="79" w="28" h="28" pX="0.5" pY="1"/>
  </state>
  <state name="special" speed="0.1" loop="false">
    <sprite dir="North" x="259" y="344" w="28" h="36" pX="0.5" pY="1"/>
    <sprite dir="North" x="288" y="344" w="35" h="28" pX="0.5" pY="1"/>
    <sprite dir="South" x="351" y="344" w="29" h="30" pX="0.5" pY="1"/>
    <sprite dir="South" x="1" y="381" w="37" h="23" pX="0.5" pY="1"/>
    <sprite dir="West" x="66" y="381" w="23" h="32" pX="0.5" pY="1"/>
    <sprite dir="West" x="90" y="381" w="36" h="23" pX="0.5" pY="1"/>
    <sprite dir="East" x="159" y="381" w="23" h="32" pX="0.5" pY="1"/>
    <sprite dir="East" x="183" y="381" w="36" h="23" pX="0.5" pY="1"/>
  </state>    
                  
</Animation>
