<?xml version="1.0" encoding="UTF-8"?>
<!-- Created with TexturePacker http://www.codeandweb.com/texturepacker-->
<!-- $TexturePacker:SmartUpdate:b6be3d5d0fae449d9ee6d99aff3098f4:ff5f5eb39b1fd5fbcd1a903beec62a26:fb7bc41c3d5938a9bf77e023fd6debd3$ -->
<!--Format:
n  => name of the sprite
x  => sprite x pos in texture
y  => sprite y pos in texture
w  => sprite width (may be trimmed)
h  => sprite height (may be trimmed)
pX => x pos of the pivot point (relative to sprite width)
pY => y pos of the pivot point (relative to sprite height)
oX => sprite's x-corner offset (only available if trimmed)
oY => sprite's y-corner offset (only available if trimmed)
oW => sprite's original width (only available if trimmed)
oH => sprite's original height (only available if trimmed)
r => 'y' only set if sprite is rotated
with polygon mode enabled:
vertices   => points in sprite coordinate system (x0,y0,x1,y1,x2,y2, ...)
verticesUV => points in sheet coordinate system (x0,y0,x1,y1,x2,y2, ...)
triangles  => sprite triangulation, 3 vertex indices per triangle
-->
<Animation name="Shiftry" numberStates="6" imagePath="textures/PokemonSpriteSheet.png" width="706" height="706">
  <state name="idle" speed="0" loop="false">
    <sprite dir="South" x="648" y="516" w="30" h="23" pX="0.5" pY="1"/>
    <sprite dir="West" x="62" y="552" w="26" h="28" pX="0.5" pY="1"/>
    <sprite dir="East" x="140" y="552" w="26" h="28" pX="0.5" pY="1"/>
    <sprite dir="North" x="218" y="552" w="29" h="26" pX="0.5" pY="1"/>
  </state>
  <state name="walk" speed="0.15" loop="true">
    <sprite dir="South" x="648" y="516" w="30" h="23" pX="0.5" pY="1"/>
    <sprite dir="South" x="0" y="552" w="31" h="22" pX="0.5" pY="1"/>
    <sprite dir="South" x="31" y="552" w="31" h="22" pX="0.5" pY="1"/>
    <sprite dir="West" x="62" y="552" w="26" h="28" pX="0.5" pY="1"/>
    <sprite dir="West" x="88" y="552" w="27" h="26" pX="0.5" pY="1"/>
    <sprite dir="West" x="115" y="552" w="25" h="26" pX="0.5" pY="1"/>
    <sprite dir="East" x="140" y="552" w="26" h="28" pX="0.5" pY="1"/>
    <sprite dir="East" x="166" y="552" w="27" h="26" pX="0.5" pY="1"/>
    <sprite dir="East" x="193" y="552" w="25" h="26" pX="0.5" pY="1"/>
    <sprite dir="North" x="218" y="552" w="29" h="26" pX="0.5" pY="1"/>
    <sprite dir="North" x="247" y="552" w="30" h="25" pX="0.5" pY="1"/>
    <sprite dir="North" x="277" y="552" w="29" h="24" pX="0.5" pY="1"/>
  </state>
  <state name="attack" speed="0.1" loop="false">
    <sprite dir="South" x="267" y="516" w="27" h="28" pX="0.5" pY="1"/>
    <sprite dir="South" x="294" y="516" w="28" h="27" pX="0.5" pY="1"/>
    <sprite dir="West" x="322" y="516" w="27" h="25" pX="0.5" pY="1"/>
    <sprite dir="West" x="349" y="516" w="28" h="30" pX="0.5" pY="1"/>
    <sprite dir="East" x="377" y="516" w="27" h="25" pX="0.5" pY="1"/>
    <sprite dir="East" x="404" y="516" w="28" h="30" pX="0.5" pY="1"/>
    <sprite dir="North" x="432" y="516" w="27" h="27" pX="0.5" pY="1"/>
    <sprite dir="North" x="459" y="516" w="29" h="29" pX="0.5" pY="1"/>
  </state>
  <state name="special" speed="0.1" loop="false">
    <sprite dir="South" x="306" y="552" w="27" h="24" pX="0.5" pY="1"/>
    <sprite dir="South" x="333" y="552" w="27" h="24" pX="0.5" pY="1"/>
    <sprite dir="West" x="360" y="552" w="29" h="24" pX="0.5" pY="1"/>
    <sprite dir="West" x="389" y="552" w="29" h="25" pX="0.5" pY="1"/>
    <sprite dir="East" x="418" y="552" w="29" h="24" pX="0.5" pY="1"/>
    <sprite dir="East" x="447" y="552" w="29" h="25" pX="0.5" pY="1"/>
    <sprite dir="North" x="476" y="552" w="29" h="22" pX="0.5" pY="1"/>
    <sprite dir="North" x="505" y="552" w="29" h="23" pX="0.5" pY="1"/>
  </state>
  <state name="hit" speed="0" loop="false">
    <sprite dir="South" x="488" y="516" w="37" h="30" pX="0.5" pY="1"/>
    <sprite dir="West" x="525" y="516" w="32" h="31" pX="0.5" pY="1"/>
    <sprite dir="East" x="557" y="516" w="32" h="31" pX="0.5" pY="1"/>
    <sprite dir="North" x="589" y="516" w="37" h="30" pX="0.5" pY="1"/>
  </state>
  <state name="death" speed="0.1" loop="false">
    <sprite dir="South" x="488" y="516" w="37" h="30" pX="0.5" pY="1"/>
    <sprite dir="South" x="626" y="516" w="22" h="8" pX="0.5" pY="1"/>
    <sprite dir="West" x="525" y="516" w="32" h="31" pX="0.5" pY="1"/>
    <sprite dir="West" x="626" y="516" w="22" h="8" pX="0.5" pY="1"/>
    <sprite dir="East" x="557" y="516" w="32" h="31" pX="0.5" pY="1"/>
    <sprite dir="East" x="626" y="516" w="22" h="8" pX="0.5" pY="1"/>
    <sprite dir="North" x="589" y="516" w="37" h="30" pX="0.5" pY="1"/>
    <sprite dir="North" x="626" y="516" w="22" h="8" pX="0.5" pY="1"/>
  </state>
                  
</Animation>
