<?xml version="1.0" encoding="UTF-8"?>
<!-- Created with TexturePacker http://www.codeandweb.com/texturepacker-->
<!-- $TexturePacker:SmartUpdate:b6be3d5d0fae449d9ee6d99aff3098f4:ff5f5eb39b1fd5fbcd1a903beec62a26:fb7bc41c3d5938a9bf77e023fd6debd3$ -->
<!--Format:
n  => name of the sprite
x  => sprite x pos in texture
y  => sprite y pos in texture
w  => sprite width (may be trimmed)
h  => sprite height (may be trimmed)
pX => x pos of the pivot point (relative to sprite width)
pY => y pos of the pivot point (relative to sprite height)
oX => sprite's x-corner offset (only available if trimmed)
oY => sprite's y-corner offset (only available if trimmed)
oW => sprite's original width (only available if trimmed)
oH => sprite's original height (only available if trimmed)
r => 'y' only set if sprite is rotated
with polygon mode enabled:
vertices   => points in sprite coordinate system (x0,y0,x1,y1,x2,y2, ...)
verticesUV => points in sheet coordinate system (x0,y0,x1,y1,x2,y2, ...)
triangles  => sprite triangulation, 3 vertex indices per triangle
-->
<Animation name="Swampert" numberStates="5" imagePath="textures/PokemonSpriteSheet.png" width="706" height="706">
  <state name="idle" speed="0" loop="false">
    <sprite dir="South" x="630" y="552" w="24" h="23" pX="0.5" pY="1"/>
    <sprite dir="West" x="0" y="580" w="28" h="28" pX="0.5" pY="1"/>
    <sprite dir="East" x="54" y="580" w="28" h="28" pX="0.5" pY="1"/>
    <sprite dir="North" x="108" y="580" w="22" h="28" pX="0.5" pY="1"/>
  </state>
  <state name="walk" speed="0.15" loop="true">
    <sprite dir="South" x="293" y="580" w="23" h="24" pX="0.5" pY="1"/>
    <sprite dir="South" x="316" y="580" w="23" h="24" pX="0.5" pY="1"/>
    <sprite dir="West" x="339" y="580" w="28" h="27" pX="0.5" pY="1"/>
    <sprite dir="West" x="367" y="580" w="27" h="26" pX="0.5" pY="1"/>
    <sprite dir="East" x="394" y="580" w="28" h="27" pX="0.5" pY="1"/>
    <sprite dir="East" x="422" y="580" w="27" h="26" pX="0.5" pY="1"/>
    <sprite dir="North" x="449" y="580" w="20" h="30" pX="0.5" pY="1"/>
    <sprite dir="North" x="469" y="580" w="20" h="30" pX="0.5" pY="1"/>
  </state>
  <state name="attack" speed="0.1" loop="false">
    <sprite dir="South" x="630" y="552" w="24" h="23" pX="0.5" pY="1"/>
    <sprite dir="South" x="654" y="552" w="32" h="28" pX="0.5" pY="1"/>
    <sprite dir="West" x="0" y="580" w="28" h="28" pX="0.5" pY="1"/>
    <sprite dir="West" x="28" y="580" w="26" h="33" pX="0.5" pY="1"/>
    <sprite dir="East" x="54" y="580" w="28" h="28" pX="0.5" pY="1"/>
    <sprite dir="East" x="82" y="580" w="26" h="33" pX="0.5" pY="1"/>
    <sprite dir="North" x="108" y="580" w="22" h="28" pX="0.5" pY="1"/>
    <sprite dir="North" x="130" y="580" w="28" h="32" pX="0.5" pY="1"/>
  </state>
  <state name="death" speed="0" loop="false">
    <sprite dir="South" x="158" y="580" w="28" h="32" pX="0.5" pY="1"/>
    <sprite dir="South" x="271" y="580" w="22" h="8" pX="0.5" pY="1"/>
    <sprite dir="West" x="186" y="580" w="29" h="32" pX="0.5" pY="1"/>
    <sprite dir="West" x="271" y="580" w="22" h="8" pX="0.5" pY="1"/>
    <sprite dir="East" x="215" y="580" w="29" h="32" pX="0.5" pY="1"/>
    <sprite dir="East" x="271" y="580" w="22" h="8" pX="0.5" pY="1"/>
    <sprite dir="North" x="244" y="580" w="27" h="32" pX="0.5" pY="1"/>
    <sprite dir="North" x="271" y="580" w="22" h="8" pX="0.5" pY="1"/>
  </state>
  <state name="special" speed="0" loop="false">
    <sprite dir="South" x="489" y="580" w="26" h="26" pX="0.5" pY="1"/>
    <sprite dir="West" x="515" y="580" w="31" h="24" pX="0.5" pY="1"/>
    <sprite dir="East" x="546" y="580" w="31" h="24" pX="0.5" pY="1"/>
    <sprite dir="North" x="577" y="580" w="26" h="26" pX="0.5" pY="1"/>
  </state>  
      
</Animation>
