<?xml version="1.0" encoding="UTF-8"?>
<!-- Created with TexturePacker http://www.codeandweb.com/texturepacker-->
<!-- $TexturePacker:SmartUpdate:b6be3d5d0fae449d9ee6d99aff3098f4:ff5f5eb39b1fd5fbcd1a903beec62a26:fb7bc41c3d5938a9bf77e023fd6debd3$ -->
<!--Format:
n  => name of the sprite
x  => sprite x pos in texture
y  => sprite y pos in texture
w  => sprite width (may be trimmed)
h  => sprite height (may be trimmed)
pX => x pos of the pivot point (relative to sprite width)
pY => y pos of the pivot point (relative to sprite height)
oX => sprite's x-corner offset (only available if trimmed)
oY => sprite's y-corner offset (only available if trimmed)
oW => sprite's original width (only available if trimmed)
oH => sprite's original height (only available if trimmed)
r => 'y' only set if sprite is rotated
with polygon mode enabled:
vertices   => points in sprite coordinate system (x0,y0,x1,y1,x2,y2, ...)
verticesUV => points in sheet coordinate system (x0,y0,x1,y1,x2,y2, ...)
triangles  => sprite triangulation, 3 vertex indices per triangle
-->
<Animation name="Swampert" numberStates="5" imagePath="PokemonSpriteSheet.png" width="415" height="415">
  <state name="idle" speed="0" loop="false">
    <sprite dir="North" x="1" y="43" w="22" h="28" pX="0.5" pY="1"/>
    <sprite dir="South" x="96" y="43" w="24" h="23" pX="0.5" pY="1"/>
    <sprite dir="West" x="211" y="43" w="28" h="28" pX="0.5" pY="1"/>
    <sprite dir="East" x="324" y="43" w="28" h="28" pX="0.5" pY="1"/>
  </state>
  <state name="walk" speed="0.15" loop="true">
    <sprite dir="North" x="273" y="251" w="20" h="30" pX="0.5" pY="1"/>
    <sprite dir="North" x="294" y="251" w="22" h="28" pX="0.5" pY="1"/>
    <sprite dir="North" x="317" y="251" w="20" h="30" pX="0.5" pY="1"/>
    <sprite dir="North" x="338" y="251" w="22" h="28" pX="0.5" pY="1"/>
    <sprite dir="South" x="335" y="282" w="23" h="24" pX="0.5" pY="1"/>
    <sprite dir="South" x="359" y="282" w="24" h="23" pX="0.5" pY="1"/>
    <sprite dir="South" x="384" y="282" w="23" h="24" pX="0.5" pY="1"/>
    <sprite dir="South" x="1" y="315" w="24" h="23" pX="0.5" pY="1"/>
    <sprite dir="West" x="26" y="315" w="28" h="27" pX="0.5" pY="1"/>
    <sprite dir="West" x="55" y="315" w="28" h="28" pX="0.5" pY="1"/>
    <sprite dir="West" x="84" y="315" w="27" h="26" pX="0.5" pY="1"/>
    <sprite dir="West" x="112" y="315" w="28" h="28" pX="0.5" pY="1"/>
    <sprite dir="East" x="141" y="315" w="28" h="27" pX="0.5" pY="1"/>
    <sprite dir="East" x="170" y="315" w="28" h="28" pX="0.5" pY="1"/>
    <sprite dir="East" x="199" y="315" w="27" h="26" pX="0.5" pY="1"/>
    <sprite dir="East" x="227" y="315" w="28" h="28" pX="0.5" pY="1"/>
  </state>
  <state name="attack" speed="0.1" loop="false">
    <sprite dir="North" x="1" y="43" w="22" h="28" pX="0.5" pY="1"/>
    <sprite dir="North" x="24" y="43" w="28" h="32" pX="0.5" pY="1.125"/>
    <sprite dir="South" x="96" y="43" w="24" h="23" pX="0.5" pY="1"/>
    <sprite dir="South" x="121" y="43" w="32" h="28" pX="0.5" pY="1.14286"/>
    <sprite dir="West" x="211" y="43" w="28" h="28" pX="0.5" pY="1"/>
    <sprite dir="West" x="240" y="43" w="26" h="33" pX="0.653846" pY="1"/>
    <sprite dir="East" x="324" y="43" w="28" h="28" pX="0.5" pY="1"/>
    <sprite dir="East" x="353" y="43" w="26" h="33" pX="0.346154" pY="1"/>
  </state>
  <state name="death" speed="0" loop="false">
    <sprite dir="North" x="1" y="79" w="27" h="32" pX="0.5" pY="1"/>
    <sprite dir="South" x="169" y="79" w="28" h="32" pX="0.5" pY="1"/>
    <sprite dir="West" x="227" y="79" w="29" h="32" pX="0.5" pY="1"/>
    <sprite dir="East" x="286" y="79" w="29" h="32" pX="0.5" pY="1"/>
  </state>
  <state name="special" speed="0" loop="false">
    <sprite dir="North" x="324" y="344" w="26" h="26" pX="0.5" pY="1"/>
    <sprite dir="South" x="39" y="381" w="26" h="26" pX="0.5" pY="1"/>
    <sprite dir="West" x="127" y="381" w="31" h="24" pX="0.5" pY="1"/>
    <sprite dir="East" x="220" y="381" w="31" h="24" pX="0.5" pY="1"/>
  </state>  
      
</Animation>
