<?xml version="1.0" encoding="UTF-8"?>
<!-- Created with TexturePacker http://www.codeandweb.com/texturepacker-->
<!-- $TexturePacker:SmartUpdate:b6be3d5d0fae449d9ee6d99aff3098f4:ff5f5eb39b1fd5fbcd1a903beec62a26:fb7bc41c3d5938a9bf77e023fd6debd3$ -->
<!--Format:
n  => name of the sprite
x  => sprite x pos in texture
y  => sprite y pos in texture
w  => sprite width (may be trimmed)
h  => sprite height (may be trimmed)
pX => x pos of the pivot point (relative to sprite width)
pY => y pos of the pivot point (relative to sprite height)
oX => sprite's x-corner offset (only available if trimmed)
oY => sprite's y-corner offset (only available if trimmed)
oW => sprite's original width (only available if trimmed)
oH => sprite's original height (only available if trimmed)
r => 'y' only set if sprite is rotated
with polygon mode enabled:
vertices   => points in sprite coordinate system (x0,y0,x1,y1,x2,y2, ...)
verticesUV => points in sheet coordinate system (x0,y0,x1,y1,x2,y2, ...)
triangles  => sprite triangulation, 3 vertex indices per triangle
-->
<Animation name="Walrein" numberStates="6" imagePath="textures/PokemonSpriteSheet.png" width="706" height="706">
  <state name="idle" speed="0" loop="false">
    <sprite dir="South" x="282" y="613" w="27" h="23" pX="0.5" pY="1"/>
    <sprite dir="South" x="309" y="613" w="27" h="25" pX="0.5" pY="1"/>
    <sprite dir="South" x="336" y="613" w="25" h="26" pX="0.5" pY="1"/>
    <sprite dir="West" x="361" y="613" w="32" h="24" pX="0.5" pY="1"/>
    <sprite dir="West" x="393" y="613" w="28" h="29" pX="0.5" pY="1"/>
    <sprite dir="West" x="421" y="613" w="25" h="29" pX="0.5" pY="1"/>
    <sprite dir="East" x="446" y="613" w="32" h="24" pX="0.5" pY="1"/>
    <sprite dir="East" x="478" y="613" w="28" h="29" pX="0.5" pY="1"/>
    <sprite dir="East" x="506" y="613" w="25" h="29" pX="0.5" pY="1"/>
    <sprite dir="North" x="531" y="613" w="27" h="29" pX="0.5" pY="1"/>
    <sprite dir="North" x="558" y="613" w="27" h="34" pX="0.5" pY="1"/>
    <sprite dir="North" x="585" y="613" w="25" h="33" pX="0.5" pY="1"/>
  </state>
  <state name="walk" speed="0.15" loop="true">
    <sprite dir="South" x="610" y="613" w="25" h="24" pX="0.5" pY="1"/>
    <sprite dir="South" x="635" y="613" w="27" h="23" pX="0.5" pY="1"/>
    <sprite dir="South" x="662" y="613" w="23" h="25" pX="0.5" pY="1"/>
    <sprite dir="West" x="0" y="647" w="28" h="22" pX="0.5" pY="1"/>
    <sprite dir="West" x="28" y="647" w="32" h="24" pX="0.5" pY="1"/>
    <sprite dir="West" x="60" y="647" w="32" h="28" pX="0.5" pY="1"/>
    <sprite dir="East" x="92" y="647" w="28" h="22" pX="0.5" pY="1"/>
    <sprite dir="East" x="120" y="647" w="32" h="24" pX="0.5" pY="1"/>
    <sprite dir="East" x="152" y="647" w="32" h="28" pX="0.5" pY="1"/>
    <sprite dir="North" x="184" y="647" w="27" h="23" pX="0.5" pY="1"/>
    <sprite dir="North" x="211" y="647" w="27" h="29" pX="0.5" pY="1"/>
    <sprite dir="North" x="238" y="647" w="27" h="32" pX="0.5" pY="1"/>
  </state>
  <state name="attack" speed="0.1" loop="false">
    <sprite dir="South" x="603" y="580" w="25" h="26" pX="0.5" pY="1"/>
    <sprite dir="South" x="628" y="580" w="27" h="25" pX="0.5" pY="1"/>
    <sprite dir="West" x="655" y="580" w="25" h="29" pX="0.5" pY="1"/>
    <sprite dir="West" x="0" y="613" w="37" h="22" pX="0.5" pY="1"/>
    <sprite dir="East" x="37" y="613" w="25" h="29" pX="0.5" pY="1"/>
    <sprite dir="East" x="62" y="613" w="37" h="22" pX="0.5" pY="1"/>
    <sprite dir="North" x="99" y="613" w="25" h="33" pX="0.5" pY="1"/>
    <sprite dir="North" x="124" y="613" w="27" h="31" pX="0.5" pY="1"/>
  </state>
  <state name="special" speed="0" loop="false">
    <sprite dir="South" x="265" y="647" w="27" h="25" pX="0.5" pY="1"/>
    <sprite dir="South" x="292" y="647" w="27" h="23" pX="0.5" pY="1"/>
    <sprite dir="South" x="319" y="647" w="27" h="25" pX="0.5" pY="1"/>
    <sprite dir="West" x="346" y="647" w="28" h="29" pX="0.5" pY="1"/>
    <sprite dir="West" x="374" y="647" w="32" h="24" pX="0.5" pY="1"/>
    <sprite dir="West" x="406" y="647" w="36" h="23" pX="0.5" pY="1"/>
    <sprite dir="East" x="442" y="647" w="28" h="29" pX="0.5" pY="1"/>
    <sprite dir="East" x="470" y="647" w="32" h="24" pX="0.5" pY="1"/>
    <sprite dir="East" x="502" y="647" w="36" h="23" pX="0.5" pY="1"/>
    <sprite dir="North" x="538" y="647" w="27" h="34" pX="0.5" pY="1"/>
    <sprite dir="North" x="565" y="647" w="27" h="29" pX="0.5" pY="1"/>
    <sprite dir="North" x="592" y="647" w="27" h="29" pX="0.5" pY="1"/>
  </state>
  <state name="hit" speed="0" loop="false">
    <sprite dir="South" x="151" y="613" w="27" h="30" pX="0.5" pY="1"/>
    <sprite dir="West" x="178" y="613" w="28" h="28" pX="0.5" pY="1"/>
    <sprite dir="East" x="206" y="613" w="28" h="28" pX="0.5" pY="1"/>
    <sprite dir="North" x="234" y="613" w="27" h="32" pX="0.5" pY="1"/>
  </state>
  <state name="death" speed="0.1" loop="false">
    <sprite dir="South" x="151" y="613" w="27" h="30" pX="0.5" pY="1"/>
    <sprite dir="South" x="261" y="613" w="21" h="10" pX="0.5" pY="1"/>
    <sprite dir="West" x="178" y="613" w="28" h="28" pX="0.5" pY="1"/>
    <sprite dir="West" x="261" y="613" w="21" h="10" pX="0.5" pY="1"/>
    <sprite dir="East" x="206" y="613" w="28" h="28" pX="0.5" pY="1"/>
    <sprite dir="East" x="261" y="613" w="21" h="10" pX="0.5" pY="1"/>
    <sprite dir="North" x="234" y="613" w="27" h="32" pX="0.5" pY="1"/>
    <sprite dir="North" x="261" y="613" w="21" h="10" pX="0.5" pY="1"/>
  </state>
      
</Animation>
