<?xml version="1.0"?>

<Cutscene name="Glacia_Intro" id="2">

  <!--LOAD INFO OF EACH ELEMENT THAT ACT IN THE CUTSCENE-->
  <elements>
    <MAP name="GlaciaCombat" id="20" file="EliteFour03.tmx"/>

    <IMAGES>
      <image n="0" name="LinkBanner" x="-320" y="120" tex_x="0" tex_y="0" tex_w="320" tex_h="120" active="true" file="textures/CombatIntros/Link_banner.png"/>
      <image n="1" name="GlaciaBanner" x="320" y="0" tex_x="0" tex_y="0" tex_w="320" tex_h="120" active="true" file="textures/CombatIntros/Glacia_banner.png"/>
    </IMAGES>

    <MUSIC>
    </MUSIC>

    <FX>
    </FX>

  </elements>

  <!--EXECUTE ALL ACTIONS IN ORDER-->
  <steps>

    <step n="0" start="0" duration ="-1">
      <element name="LinkBanner" action="move" dir="right">
        <movement dest_x="0" dest_y="0" speed="10"/>
      </element>
    </step>
    <step n="1" start="0" duration ="-1">
      <element name="GlaciaBanner" action="move" dir="left">
        <movement dest_x="0" dest_y="0" speed="10"/>
      </element>
    </step>
    <step n="2" start="3" duration="0">
      <element name="LinkBanner" action="disable"/>
    </step>
    <step n="2" start="3" duration="0">
      <element name="GlaciaBanner" action="disable"/>
    </step>
    <step n="3" start="3" duration="0">
      <element name="none" action="load_map"/>
    </step>
    <!--
    <step n="3" start="2" duration="-1">
      <element name="Title" action="move" dir="left">
	      <movement dest_x="110" dest_y="60" speed="50"/>
      </element>
    </step>
    <step n="4" start="5" duration="0">
      <element name="BackgroundPokemon" action="enable"/>
    </step>
    <step n="5" start="6" duration="0">
      <element name="Sword" action="enable"/>
    </step>
    <step n="6" start="6" duration="-1">
      <element name="Sword" action="move" dir="down">
        <movement dest_x="120" dest_y="42" speed="300"/>
      </element>
    </step>
    <step n="7" start="6" duration="0">
      <element name="Triforce" action="enable"/>
    </step>
    <step n="8" start="9" duration="0">
      <element name="BackgroundZelda" action="disable"/>
    </step>
    <step n="9" start="9" duration="0">
      <element name="GoodSound" action="play"/>
    </step>
    <step n="10" start="9" duration="0">
      <element name="PokemonLetters" action="enable"/>
    </step>  
    <step n="11" start="15" duration="0">
      <element name="LinkHouse" action="loadmap"/>
    </step>  
    <step n="12" start="16" duration="0">
      <element name="MainMusic" action="stop"/>
    </step>-->

  </steps>

</Cutscene>
