<?xml version="1.0"?>

<Cutscene name="Red_Intro" id="4">

  <!--LOAD INFO OF EACH ELEMENT THAT ACT IN THE CUTSCENE-->
  <elements>
    <MAP name="RedCombat" id="22" file="RedCombatMap.tmx"/>

    <IMAGES>
      <image n="0" name="LinkBanner" x="-320" y="120" tex_x="0" tex_y="0" tex_w="320" tex_h="120" active="true" file="textures/CombatIntros/Link_banner.png"/>
      <image n="1" name="RedBanner" x="320" y="0" tex_x="0" tex_y="0" tex_w="320" tex_h="120" active="true" file="textures/CombatIntros/Red_banner.png"/>
    </IMAGES>

    <MUSIC>
      <music n="0" name="BattleMusic" path="audio/music/POKEMON/PokemonChampionBattle.ogg" active="false"/>
    </MUSIC>

    <FX>
    </FX>

  </elements>

  <!--EXECUTE ALL ACTIONS IN ORDER-->
  <steps>
    <step n="0" start="0" duration ="0">
      <element name="BattleMusic" action="play"/>
    </step>
    <step n="1" start="0" duration ="-1">
      <element name="LinkBanner" action="move" dir="right">
        <movement dest_x="0" dest_y="0" speed="200"/>
      </element>
    </step>
    <step n="2" start="0" duration ="-1">
      <element name="RedBanner" action="move" dir="left">
        <movement dest_x="0" dest_y="0" speed="200"/>
      </element>
    </step>
    <step n="3" start="4" duration="0">
      <element name="LinkBanner" action="disable"/>
    </step>
    <step n="4" start="4" duration="0">
      <element name="RedBanner" action="disable"/>
    </step>
    <step n="5" start="3" duration="0">
      <element name="none" action="load_map"/>
    </step>
  </steps>

</Cutscene>
