<!--GUI ENTITIES LOAD-->
<elements>
  <Main_Menu>
    <entity type="button" listener="scene_intro" rect.x="1" rect.y="146" rect.w="110" rect.h="17" pos.x="86" pos.y="90" state2.x="0" state2.y="0" state3.x="112" state3.y="164" animated="true" identifier="Continue_b" anim_speed="0.25">
      <animation x="112" y="146" w="110" h="17"/>
      <animation x="223" y="146" w="110" h="17"/>
      <animation x="334" y="146" w="110" h="17"/>
      <animation x="1" y="164" w="110" h="17"/>
      <animation x="334" y="146" w="110" h="17"/>
      <animation x="223" y="146" w="110" h="17"/>
    </entity>
    <entity type="button" listener="scene_intro" rect.x="1" rect.y="182" rect.w="125" rect.h="17" pos.x="86" pos.y="105" state2.x="0" state2.y="0" state3.x="127" state3.y="200" animated="true" identifier="Newgame_b" anim_speed="0.25">
      <animation x="127" y="182" w="125" h="17"/>
      <animation x="253" y="182" w="125" h="17"/>
      <animation x="379" y="182" w="125" h="17"/>
      <animation x="1" y="200" w="125" h="17"/>
      <animation x="379" y="182" w="125" h="17"/>
      <animation x="253" y="182" w="125" h="17"/>
    </entity>
    <entity type="button" listener="scene_intro" rect.x="1" rect.y="218" rect.w="110" rect.h="17" pos.x="86" pos.y="120" state2.x="0" state2.y="0" state3.x="112" state3.y="236" animated="true" identifier="Loadgame_b" anim_speed="0.25">
      <animation x="112" y="218" w="110" h="17"/>
      <animation x="223" y="218" w="110" h="17"/>
      <animation x="334" y="218" w="110" h="17"/>
      <animation x="1" y="236" w="110" h="17"/>
      <animation x="334" y="218" w="110" h="17"/>
      <animation x="223" y="218" w="110" h="17"/>
    </entity>
  </Main_Menu>
  
  <Zelda_HUD>
    <!--CHARGE BAR-->
    <entity type="image" rect.x="18" rect.y="44" rect.w="42" rect.h="16" pos.x="12" pos.y="35" movable="true" identifier="charge" inside="true">
      <entity type="image" rect.x="21" rect.y="61" rect.w="34" rect.h="10" pos.x="4" pos.y="3" movable="false" identifier="force"/>
    </entity>
    <!--PICKED ITEM-->
    <entity type="image" rect.x="37" rect.y="20" rect.w="22" rect.h="22" pos.x="22" pos.y="12" movable="true" identifier="item" inside="true">
      <entity type="image" rect.x="279" rect.y="257" rect.w="16" rect.h="16" pos.x="3" pos.y="3" movable="false" identifier="item_picked"/>
    </entity>
    <!--GEMS-->
    <entity type="image" rect.x="72" rect.y="15" rect.w="8" rect.h="8" pos.x="72" pos.y="15" movable="true" identifier="gems" inside="true">
      <entity type="image" rect.x="259" rect.y="13" rect.w="7" rect.h="7" pos.x="-7" pos.y="10" movable="false" identifier="number"/>
      <entity type="image" rect.x="259" rect.y="13" rect.w="7" rect.h="7" pos.x="1" pos.y="10" movable="false" identifier="number"/>
      <entity type="image" rect.x="259" rect.y="13" rect.w="7" rect.h="7" pos.x="9" pos.y="10" movable="false" identifier="number"/>
    </entity>
    <!--BOMBS-->
    <entity type="image" rect.x="100" rect.y="15" rect.w="8" rect.h="8" pos.x="100" pos.y="15" movable="true" identifier="bombs" inside="true">
    <entity type="image" rect.x="259" rect.y="13" rect.w="7" rect.h="7" pos.x="-3" pos.y="9" movable="false" identifier="number"/>
    <entity type="image" rect.x="259" rect.y="13" rect.w="7" rect.h="7" pos.x="5" pos.y="9" movable="false" identifier="number"/>
    </entity>
    <!--ARROWS-->
    <entity type="image" rect.x="121" rect.y="15" rect.w="14" rect.h="8" pos.x="121" pos.y="15" movable="true" identifier="arrows" inside="true">
    <entity type="image" rect.x="259" rect.y="13" rect.w="7" rect.h="7" pos.x="-3" pos.y="9" movable="false" identifier="number"/>
    <entity type="image" rect.x="259" rect.y="13" rect.w="7" rect.h="7" pos.x="5" pos.y="9" movable="false" identifier="number"/>
    </entity>
    <!--LIFE HEARTS-->
    <entity type="image" rect.x="178" rect.y="15" rect.w="44" rect.h="7" pos.x="178" pos.y="15" movable="true" identifier="life" inside="true">
    <entity type="image" rect.x="177" rect.y="24" rect.w="7" rect.h="7" pos.x="-21" pos.y="9" movable="false" identifier="hp1"/>
    <entity type="image" rect.x="177" rect.y="24" rect.w="7" rect.h="7" pos.x="-12" pos.y="9" movable="false" identifier="hp2"/>
    <entity type="image" rect.x="177" rect.y="24" rect.w="7" rect.h="7" pos.x="-3" pos.y="9" movable="false" identifier="hp3"/>
    </entity>
  </Zelda_HUD>

  <Zelda_Menu>
    <entity type="image" rect.x="1" rect.y="255" rect.w="256" rect.h="224" pos.x="0" pos.y="-224" movable="true" identifier="bg"/> 
    <entity type="image" rect.x="370" rect.y="372" rect.w="32" rect.h="32" pos.x="18" pos.y="-70" movable="true" identifier="item_info"/>
    <entity type="text"  font="1" string="SELECT AN ITEM" length="200" pos.x="19" pos.y="-31" size="10" rgb.x="255" rgb.y="255" rgb.w="255" rgb.h="255" identifier="item_info_name"/>
    <entity type="image" rect.x="279" rect.y="256" rect.w="16" rect.h="16" pos.x="200" pos.y="-201" movable="true" identifier="item_eq_sprite"/>
    <entity type="text"  font="1" string="   PICK ITEM" length="100" pos.x="184" pos.y="-180" size="10" rgb.x="255" rgb.y="255" rgb.w="255" rgb.h="255" identifier="item_eq_name"/>
    <entity type="image" rect.x="450" rect.y="273" rect.w="64" rect.h="48" pos.x="176" pos.y="-147" movable="true" identifier="pendants"/>
    <entity type="text"  font="2" string="Search for items!" length="180" pos.x="59" pos.y="-69" size="20" rgb.x="255" rgb.y="255" rgb.w="255" rgb.h="255" identifier="description_item_text"/>
    <entity type="button" listener="scene" rect.x="271" rect.y="268" rect.w="32" rect.h="32" pos.x="24" pos.y="-203" state2.x="304" state2.y="268" state3.x="337" state3.y="268" animated="false" identifier="bow"/>
    <entity type="button" listener="scene" rect.x="271" rect.y="301" rect.w="32" rect.h="32" pos.x="48" pos.y="-203" state2.x="304" state2.y="301" state3.x="337" state3.y="301" animated="false" identifier="hookshot"/>
    <entity type="button" listener="scene" rect.x="271" rect.y="336" rect.w="32" rect.h="32" pos.x="72" pos.y="-203" state2.x="304" state2.y="336" state3.x="337" state3.y="336" animated="false" identifier="bomb"/>
  </Zelda_Menu>
  
  <Zelda_Menu_Options>
  	<!--OPTIONS BUTTONS-->
	<entity type="button" listener="scene" rect.x="325" rect.y="484" rect.w="53" rect.h="18" pos.x="183" pos.y="-73" state2.x="379" state2.y="484" state3.x="432" state3.y="484" animated="false" identifier="save_opt"/>
	<entity type="button" listener="scene" rect.x="325" rect.y="503" rect.w="53" rect.h="18" pos.x="183" pos.y="-54" state2.x="379" state2.y="503" state3.x="432" state3.y="503" animated="false" identifier="menu_opt"/>
	<entity type="button" listener="scene" rect.x="325" rect.y="522" rect.w="53" rect.h="18" pos.x="183" pos.y="-35" state2.x="379" state2.y="522" state3.x="432" state3.y="522" animated="false" identifier="quit_opt"/>
  </Zelda_Menu_Options>
  
  <PokemonCombat_HUD>
   <!--TOP HUD-->
   <entity type="image" rect.x="335" rect.y="19" rect.w="254" rect.h="51" pos.x="0" pos.y="0" movable="true" identifier="top hud" inside="true">
    <entity type="image" rect.x="344" rect.y="72" rect.w="7" rect.h="7" pos.x="42" pos.y="11" movable="true" identifier="Link_Pokeball_1"/>
    <entity type="image" rect.x="344" rect.y="72" rect.w="7" rect.h="7" pos.x="52" pos.y="13" movable="true" identifier="Link_Pokeball_2"/>
    <entity type="image" rect.x="344" rect.y="72" rect.w="7" rect.h="7" pos.x="62" pos.y="14" movable="true" identifier="Link_Pokeball_3"/>
    <entity type="image" rect.x="344" rect.y="72" rect.w="7" rect.h="7" pos.x="204" pos.y="11" movable="true" identifier="Bren_Pokeball_1"/>
    <entity type="image" rect.x="344" rect.y="72" rect.w="7" rect.h="7" pos.x="194" pos.y="13" movable="true" identifier="Bren_Pokeball_2"/>
    <entity type="image" rect.x="344" rect.y="72" rect.w="7" rect.h="7" pos.x="184" pos.y="14" movable="true" identifier="Bren_Pokeball_3"/>
   </entity>
   <!--BOT HUD-->
   <entity type="image" rect.x="597" rect.y="18" rect.w="254" rect.h="33" pos.x="0" pos.y="0" movable="true" identifier="bottom hud" inside="true">
    <entity type="image" rect.x="561" rect.y="155" rect.w="30" rect.h="30" pos.x="3" pos.y="0" movable="true" identifier="left ability" inside="true">
      <entity type="image" rect.x="525" rect.y="155" rect.w="30" rect.h="0" pos.x="0" pos.y="0" movable="true" identifier="left cd"/>
    </entity>  <!--[0]-->
    <entity type="image" rect.x="426" rect.y="84" rect.w="90" rect.h="23" pos.x="35" pos.y="7" movable="true" identifier="left box" inside="true">
      <entity type="image" rect.x="464" rect.y="110" rect.w="48" rect.h="2" pos.x="38" pos.y="16" movable="true" identifier="left hp"/>
    </entity>   <!--[1]-->
    <entity type="image" rect.x="525" rect.y="85" rect.w="30" rect.h="30" pos.x="221" pos.y="0" movable="true" identifier="right ability"/>
    <entity type="image" rect.x="426" rect.y="84" rect.w="90" rect.h="23" pos.x="129" pos.y="7" movable="true" identifier="right box" inside="true">
     <entity type="image" rect.x="464" rect.y="110" rect.w="48" rect.h="2" pos.x="38" pos.y="16" movable="true" identifier="right hp"/>
    </entity>
   </entity>
  </PokemonCombat_HUD>

  <PokemonWorld_HUD>
	<entity type="button" listener="scene" rect.x="856" rect.y="379" rect.w="151" rect.h="24" pos.x="-124" pos.y="36" state2.x="856" state2.y="404" state3.x="856" state3.y="351" animated="false" identifier="pk_bar_hud_1" inside="true">
    <entity type="image" rect.x="944" rect.y="220" rect.w="48" rect.h="3" pos.x="74" pos.y="9" movable="true" identifier="pk_bar_hp_1"/>
    <entity type="image" rect.x="866" rect.y="435" rect.w="22" rect.h="26" pos.x="134" pos.y="-1" movable="true" identifier="pk_bar_blaziken"/>
	</entity>
	<entity type="button" listener="scene" rect.x="856" rect.y="379" rect.w="151" rect.h="24" pos.x="-124" pos.y="65" state2.x="856" state2.y="404" state3.x="856" state3.y="351" animated="false" identifier="pk_bar_hud_2" inside="true">
    <entity type="image" rect.x="944" rect.y="220" rect.w="48" rect.h="3" pos.x="74" pos.y="9" movable="true" identifier="pk_bar_hp_2"/>
    <entity type="image" rect.x="893" rect.y="435" rect.w="28" rect.h="26" pos.x="134" pos.y="-1" movable="true" identifier="pk_bar_sceptile"/>
	</entity>
	<entity type="button" listener="scene" rect.x="856" rect.y="379" rect.w="151" rect.h="24" pos.x="-124" pos.y="94" state2.x="856" state2.y="404" state3.x="856" state3.y="351" animated="false" identifier="pk_bar_hud_3" inside="true">
    <entity type="image" rect.x="944" rect.y="220" rect.w="48" rect.h="3" pos.x="74" pos.y="9" movable="true" identifier="pk_bar_hp_3"/>
    <entity type="image" rect.x="927" rect.y="435" rect.w="26" rect.h="25" pos.x="134" pos.y="-1" movable="true" identifier="pk_bar_swampert"/>
	</entity>
<!--	<entity type="image" rect.x="887" rect.y="186" rect.w="25" rect.h="31" pos.x="31" pos.y="8" movable="true" identifier="bag_coins_pk" inside="true">-->
   <entity type="image" rect.x="890" rect.y="161" rect.w="19" rect.h="21" pos.x="31" pos.y="8" movable="true" identifier="bag_coins_pk" inside="true">
     <entity type="image" rect.x="259" rect.y="30" rect.w="7" rect.h="7" pos.x="-33" pos.y="8" movable="false" identifier="numberpk"/>
     <entity type="image" rect.x="259" rect.y="30" rect.w="7" rect.h="7" pos.x="-25" pos.y="8" movable="false" identifier="numberpk"/>
     <entity type="image" rect.x="259" rect.y="30" rect.w="7" rect.h="7" pos.x="-17" pos.y="8" movable="false" identifier="numberpk"/>
     <entity type="image" rect.x="259" rect.y="30" rect.w="7" rect.h="7" pos.x="-9" pos.y="8" movable="false" identifier="numberpk"/>
   </entity>
  </PokemonWorld_HUD>

  <PokemonWorld_Menu>
    <entity type="image" rect.x="0" rect.y="491" rect.w="72" rect.h="140" pos.x="0" pos.y="30" movable="true" identifier="pokemon menu bg" inside="true">
      <entity type="button" listener="scene" rect.x="79" rect.y="502" rect.w="56" rect.h="16" pos.x="8" pos.y="12" state2.x="140" state2.y="502" state3.x="201" state3.y="502" animated="false" identifier="pk_menu:pokemon"/>
      <entity type="button" listener="scene" rect.x="79" rect.y="519" rect.w="56" rect.h="15" pos.x="8" pos.y="29" state2.x="140" state2.y="519" state3.x="201" state3.y="519" animated="false" identifier="pk_menu:bag"/>
      <entity type="button" listener="scene" rect.x="79" rect.y="535" rect.w="56" rect.h="16" pos.x="8" pos.y="45" state2.x="140" state2.y="535" state3.x="201" state3.y="535" animated="false" identifier="pk_menu:link"/>
      <entity type="button" listener="scene" rect.x="79" rect.y="552" rect.w="56" rect.h="15" pos.x="8" pos.y="62" state2.x="140" state2.y="552" state3.x="201" state3.y="552" animated="false" identifier="pk_menu:menu"/>
      <entity type="button" listener="scene" rect.x="79" rect.y="568" rect.w="56" rect.h="14" pos.x="8" pos.y="78" state2.x="140" state2.y="568" state3.x="201" state3.y="568" animated="false" identifier="pk_menu:save"/>
      <entity type="button" listener="scene" rect.x="79" rect.y="583" rect.w="56" rect.h="16" pos.x="8" pos.y="93" state2.x="140" state2.y="583" state3.x="201" state3.y="583" animated="false" identifier="pk_menu:options"/>
      <entity type="button" listener="scene" rect.x="79" rect.y="600" rect.w="56" rect.h="15" pos.x="8" pos.y="110" state2.x="140" state2.y="600" state3.x="201" state3.y="600" animated="false" identifier="pk_menu:exit"/>
    </entity>  
  </PokemonWorld_Menu>

  <PokemonWorld_Bag>
   <entity type="image" rect.x="280" rect.y="565" rect.w="240" rect.h="160" pos.x="0" pos.y="0" movable="true" identifier="pokemon bag" inside="true">
      <entity type="image" rect.x="153" rect.y="627" rect.w="20" rect.h="22" pos.x="10" pos.y="73" movable="true" identifier="item png" />
      <entity type="button" listener="gui" rect.x="528" rect.y="582" rect.w="120" rect.h="18" pos.x="112" pos.y="16" state2.x="649" state2.y="582" state3.x="771" state3.y="582" animated="false" identifier="pk_bag:DEF PROTEIN" inside="true">
        <entity type="image" rect.x="614" rect.y="569" rect.w="16" rect.h="10" pos.x="103" pos.y="4" movable="true" identifier="item xnumb" />
      </entity>
      <entity type="button" listener="gui" rect.x="528" rect.y="600" rect.w="120" rect.h="18" pos.x="112" pos.y="33" state2.x="649" state2.y="600" state3.x="771" state3.y="600" animated="false" identifier="pk_bag:HP UP" inside="true">
        <entity type="image" rect.x="614" rect.y="569" rect.w="16" rect.h="10" pos.x="103" pos.y="5" movable="true" identifier="item xnumb" />
      </entity>  
      <entity type="button" listener="gui" rect.x="528" rect.y="619" rect.w="120" rect.h="18" pos.x="112" pos.y="51" state2.x="649" state2.y="619" state3.x="771" state3.y="619" animated="false" identifier="pk_bag:X ATTACK" inside="true">
        <entity type="image" rect.x="614" rect.y="569" rect.w="16" rect.h="10" pos.x="103" pos.y="5" movable="true" identifier="item xnumb" />
      </entity>  
      <entity type="button" listener="gui" rect.x="528" rect.y="639" rect.w="120" rect.h="18" pos.x="112" pos.y="69" state2.x="649" state2.y="639" state3.x="771" state3.y="639" animated="false" identifier="pk_bag:CITRUS BERRY" inside="true">
        <entity type="image" rect.x="614" rect.y="569" rect.w="16" rect.h="10" pos.x="103" pos.y="5" movable="true" identifier="item xnumb" />
      </entity> 
      <entity type="button" listener="scene" rect.x="528" rect.y="659" rect.w="120" rect.h="18" pos.x="112" pos.y="16" state2.x="649" state2.y="659" state3.x="771" state3.y="659" animated="false" identifier="pk_bag:CLOSE" inside="true">
        <entity type="image" rect.x="614" rect.y="569" rect.w="16" rect.h="10" pos.x="103" pos.y="5" movable="true" identifier="item xnumb" />
      </entity>
     <entity type="text"  font="2" string="Closes the bag." length="180" pos.x="3" pos.y="107" size="25" rgb.x="0" rgb.y="0" rgb.w="0" rgb.h="255" identifier="bag_item_description"/>
     <entity type="button" listener="scene" rect.x="533" rect.y="687" rect.w="43" rect.h="12" pos.x="151" pos.y="122" state2.x="580" state2.y="687" state3.x="627" state3.y="687" animated="false" identifier="pk_bag:SWAMPERT" />
     <entity type="button" listener="scene" rect.x="533" rect.y="700" rect.w="41" rect.h="12" pos.x="113" pos.y="135" state2.x="580" state2.y="700" state3.x="627" state3.y="700" animated="false" identifier="pk_bag:BLAZIKEN" />
     <entity type="button" listener="scene" rect.x="533" rect.y="713" rect.w="40" rect.h="12" pos.x="191" pos.y="135" state2.x="580" state2.y="713" state3.x="627" state3.y="713" animated="false" identifier="pk_bag:SCEPTILE" />
  </entity>
  </PokemonWorld_Bag>

  <PokemonWorld_Shop>
    <entity type="image" rect.x="920" rect.y="474" rect.w="320" rect.h="240" pos.x="0" pos.y="0" movable="true" identifier="pcshop:bg"/>
    <entity type="button" listener="scene" rect.x="598" rect.y="64" rect.w="80" rect.h="156" pos.x="29" pos.y="52" state2.x="680" state2.y="64" state3.x="762" state3.y="64" animated="false" identifier="pcshop:BUTTON1" inside="true">
      <entity type="image" rect.x="259" rect.y="30" rect.w="7" rect.h="7" pos.x="20" pos.y="127" movable="true" identifier="pcshop:NUMB1_BUT1" />
      <entity type="image" rect.x="283" rect.y="30" rect.w="7" rect.h="7" pos.x="28" pos.y="127" movable="true" identifier="pcshop:NUMB2_BUT1" />
      <entity type="image" rect.x="259" rect.y="30" rect.w="7" rect.h="7" pos.x="36" pos.y="127" movable="true" identifier="pcshop:NUMB3_BUT1" />
      <entity type="image" rect.x="866" rect.y="88" rect.w="32" rect.h="44" pos.x="23" pos.y="25" movable="true" identifier="pcshop:ITEM_BUT1" />
    </entity>
    <entity type="button" listener="scene" rect.x="598" rect.y="64" rect.w="80" rect.h="156" pos.x="121" pos.y="52" state2.x="680" state2.y="64" state3.x="762" state3.y="64" animated="false" identifier="pcshop:BUTTON2" inside="true">
      <entity type="image" rect.x="259" rect.y="30" rect.w="7" rect.h="7" pos.x="20" pos.y="127" movable="true" identifier="pcshop:NUMB1_BUT2" />
      <entity type="image" rect.x="283" rect.y="30" rect.w="7" rect.h="7" pos.x="28" pos.y="127" movable="true" identifier="pcshop:NUMB2_BUT2" />
      <entity type="image" rect.x="259" rect.y="30" rect.w="7" rect.h="7" pos.x="36" pos.y="127" movable="true" identifier="pcshop:NUMB3_BUT2" />
      <entity type="image" rect.x="910" rect.y="88" rect.w="32" rect.h="44" pos.x="23" pos.y="25" movable="true" identifier="pcshop:ITEM_BUT2" />
    </entity>
    <entity type="button" listener="scene" rect.x="598" rect.y="64" rect.w="80" rect.h="156" pos.x="213" pos.y="52" state2.x="680" state2.y="64" state3.x="762" state3.y="64" animated="false" identifier="pcshop:BUTTON3" inside="true">
      <entity type="image" rect.x="259" rect.y="30" rect.w="7" rect.h="7" pos.x="20" pos.y="127" movable="true" identifier="pcshop:NUMB1_BUT3" />
      <entity type="image" rect.x="283" rect.y="30" rect.w="7" rect.h="7" pos.x="28" pos.y="127" movable="true" identifier="pcshop:NUMB2_BUT3" />
      <entity type="image" rect.x="259" rect.y="30" rect.w="7" rect.h="7" pos.x="36" pos.y="127" movable="true" identifier="pcshop:NUMB3_BUT3" />
      <entity type="image" rect.x="952" rect.y="88" rect.w="32" rect.h="44" pos.x="23" pos.y="25" movable="true" identifier="pcshop:ITEM_BUT3" />
    </entity>
    <entity type="text"  font="2" string="Protein that raises a pokemon defense." length="150" pos.x="34" pos.y="141" size="22" rgb.x="0" rgb.y="0" rgb.w="0" rgb.h="255" identifier="pcshop:item_desc_1"/>
    <entity type="text"  font="2" string="Increases the maximum HP of a pokemon." length="150" pos.x="126" pos.y="141" size="22" rgb.x="0" rgb.y="0" rgb.w="0" rgb.h="255" identifier="pcshop:item_desc_2"/>
    <entity type="text"  font="2" string="Raises a pokemon basic attack damage." length="150" pos.x="218" pos.y="141" size="22" rgb.x="0" rgb.y="0" rgb.w="0" rgb.h="255" identifier="pcshop:item_desc_3"/>
  </PokemonWorld_Shop>
  
</elements>

