<!--GUI ENTITIES LOAD-->
<elements>
  <Main_Menu>
    <entity type="button" listener="scene_intro" rect.x="1" rect.y="146" rect.w="110" rect.h="17" pos.x="86" pos.y="90" state2.x="0" state2.y="0" state3.x="112" state3.y="164" animated="true" identifier="Continue_b" anim_speed="0.25">
      <animation x="112" y="146" w="110" h="17"/>
      <animation x="223" y="146" w="110" h="17"/>
      <animation x="334" y="146" w="110" h="17"/>
      <animation x="1" y="164" w="110" h="17"/>
      <animation x="334" y="146" w="110" h="17"/>
      <animation x="223" y="146" w="110" h="17"/>
    </entity>
    <entity type="button" listener="scene_intro" rect.x="1" rect.y="182" rect.w="125" rect.h="17" pos.x="86" pos.y="105" state2.x="0" state2.y="0" state3.x="127" state3.y="200" animated="true" identifier="Newgame_b" anim_speed="0.25">
      <animation x="127" y="182" w="125" h="17"/>
      <animation x="253" y="182" w="125" h="17"/>
      <animation x="379" y="182" w="125" h="17"/>
      <animation x="1" y="200" w="125" h="17"/>
      <animation x="379" y="182" w="125" h="17"/>
      <animation x="253" y="182" w="125" h="17"/>
    </entity>
    <entity type="button" listener="scene_intro" rect.x="1" rect.y="218" rect.w="110" rect.h="17" pos.x="86" pos.y="120" state2.x="0" state2.y="0" state3.x="112" state3.y="236" animated="true" identifier="Loadgame_b" anim_speed="0.25">
      <animation x="112" y="218" w="110" h="17"/>
      <animation x="223" y="218" w="110" h="17"/>
      <animation x="334" y="218" w="110" h="17"/>
      <animation x="1" y="236" w="110" h="17"/>
      <animation x="334" y="218" w="110" h="17"/>
      <animation x="223" y="218" w="110" h="17"/>
    </entity>
  </Main_Menu>
  
  <Zelda_HUD>
    <!--CHARGE BAR-->
    <entity type="image" rect.x="18" rect.y="44" rect.w="42" rect.h="16" pos.x="12" pos.y="35" movable="true" identifier="charge" inside="true">
      <entity type="image" rect.x="21" rect.y="61" rect.w="34" rect.h="10" pos.x="4" pos.y="3" movable="false" identifier="force"/>
    </entity>
    <!--PICKED ITEM-->
    <entity type="image" rect.x="37" rect.y="20" rect.w="22" rect.h="22" pos.x="22" pos.y="12" movable="true" identifier="item" inside="true">
      <entity type="image" rect.x="279" rect.y="257" rect.w="16" rect.h="16" pos.x="3" pos.y="3" movable="false" identifier="item_picked"/>
    </entity>
    <!--GEMS-->
    <entity type="image" rect.x="72" rect.y="15" rect.w="8" rect.h="8" pos.x="72" pos.y="15" movable="true" identifier="gems" inside="true">
      <entity type="image" rect.x="259" rect.y="13" rect.w="7" rect.h="7" pos.x="-7" pos.y="10" movable="false" identifier="number"/>
      <entity type="image" rect.x="259" rect.y="13" rect.w="7" rect.h="7" pos.x="1" pos.y="10" movable="false" identifier="number"/>
      <entity type="image" rect.x="259" rect.y="13" rect.w="7" rect.h="7" pos.x="9" pos.y="10" movable="false" identifier="number"/>
    </entity>
    <!--BOMBS-->
    <entity type="image" rect.x="100" rect.y="15" rect.w="8" rect.h="8" pos.x="100" pos.y="15" movable="true" identifier="bombs" inside="true">
    <entity type="image" rect.x="259" rect.y="13" rect.w="7" rect.h="7" pos.x="-3" pos.y="9" movable="false" identifier="number"/>
    <entity type="image" rect.x="259" rect.y="13" rect.w="7" rect.h="7" pos.x="5" pos.y="9" movable="false" identifier="number"/>
    </entity>
    <!--ARROWS-->
    <entity type="image" rect.x="121" rect.y="15" rect.w="14" rect.h="8" pos.x="121" pos.y="15" movable="true" identifier="arrows" inside="true">
    <entity type="image" rect.x="259" rect.y="13" rect.w="7" rect.h="7" pos.x="-3" pos.y="9" movable="false" identifier="number"/>
    <entity type="image" rect.x="259" rect.y="13" rect.w="7" rect.h="7" pos.x="5" pos.y="9" movable="false" identifier="number"/>
    </entity>
    <!--LIFE HEARTS-->
    <entity type="image" rect.x="178" rect.y="15" rect.w="44" rect.h="7" pos.x="178" pos.y="15" movable="true" identifier="life" inside="true">
    <entity type="image" rect.x="177" rect.y="24" rect.w="7" rect.h="7" pos.x="-21" pos.y="9" movable="false" identifier="hp1"/>
    <entity type="image" rect.x="177" rect.y="24" rect.w="7" rect.h="7" pos.x="-12" pos.y="9" movable="false" identifier="hp2"/>
    <entity type="image" rect.x="177" rect.y="24" rect.w="7" rect.h="7" pos.x="-3" pos.y="9" movable="false" identifier="hp3"/>
    </entity>
  </Zelda_HUD>

  <Zelda_Menu>
    <entity type="image" rect.x="1" rect.y="255" rect.w="256" rect.h="224" pos.x="0" pos.y="-224" movable="true" identifier="bg"/>
   
    <entity type="image" rect.x="370" rect.y="372" rect.w="32" rect.h="32" pos.x="18" pos.y="-70" movable="true" identifier="item_info"/>
    <entity type="text"  font="1" string="SELECT AN ITEM" length="200" pos.x="19" pos.y="-31" size="10" rgb.x="255" rgb.y="255" rgb.w="255" rgb.h="255" identifier="item_info_name"/>
    <entity type="image" rect.x="279" rect.y="256" rect.w="16" rect.h="16" pos.x="200" pos.y="-201" movable="true" identifier="item_eq_sprite"/>
    <entity type="text"  font="1" string="   PICK ITEM" length="100" pos.x="184" pos.y="-180" size="10" rgb.x="255" rgb.y="255" rgb.w="255" rgb.h="255" identifier="item_eq_name"/>
    <entity type="image" rect.x="450" rect.y="273" rect.w="64" rect.h="48" pos.x="176" pos.y="-147" movable="true" identifier="pendants"/>
    <entity type="text"  font="2" string="Search for items!" length="180" pos.x="59" pos.y="-69" size="20" rgb.x="255" rgb.y="255" rgb.w="255" rgb.h="255" identifier="description_item_text"/>
    <entity type="button" listener="scene" rect.x="271" rect.y="268" rect.w="32" rect.h="32" pos.x="24" pos.y="-203" state2.x="304" state2.y="268" state3.x="337" state3.y="268" animated="false" identifier="bow"/>
    <entity type="button" listener="scene" rect.x="271" rect.y="301" rect.w="32" rect.h="32" pos.x="48" pos.y="-203" state2.x="304" state2.y="301" state3.x="337" state3.y="301" animated="false" identifier="hookshot"/>
    <entity type="button" listener="scene" rect.x="271" rect.y="336" rect.w="32" rect.h="32" pos.x="72" pos.y="-203" state2.x="304" state2.y="336" state3.x="337" state3.y="336" animated="false" identifier="bomb"/>
  </Zelda_Menu>
  
  <Zelda_Menu_Options>
  	<!--OPTIONS BUTTONS-->
	<entity type="button" listener="scene" rect.x="325" rect.y="484" rect.w="53" rect.h="18" pos.x="183" pos.y="-73" state2.x="379" state2.y="484" state3.x="432" state3.y="484" animated="false" identifier="save_opt"/>
	<entity type="button" listener="scene" rect.x="325" rect.y="503" rect.w="53" rect.h="18" pos.x="183" pos.y="-54" state2.x="379" state2.y="503" state3.x="432" state3.y="503" animated="false" identifier="menu_opt"/>
	<entity type="button" listener="scene" rect.x="325" rect.y="522" rect.w="53" rect.h="18" pos.x="183" pos.y="-35" state2.x="379" state2.y="522" state3.x="432" state3.y="522" animated="false" identifier="quit_opt"/>
  </Zelda_Menu_Options>
  
  <PokemonCombat_HUD>
   <!--TOP HUD-->
   <entity type="image" rect.x="335" rect.y="19" rect.w="254" rect.h="51" pos.x="0" pos.y="0" movable="true" identifier="top hud" inside="true">
    <entity type="image" rect.x="344" rect.y="72" rect.w="7" rect.h="7" pos.x="42" pos.y="11" movable="true" identifier="Link_Pokeball_1"/>
    <entity type="image" rect.x="344" rect.y="72" rect.w="7" rect.h="7" pos.x="52" pos.y="13" movable="true" identifier="Link_Pokeball_2"/>
    <entity type="image" rect.x="344" rect.y="72" rect.w="7" rect.h="7" pos.x="62" pos.y="14" movable="true" identifier="Link_Pokeball_3"/>
    <entity type="image" rect.x="344" rect.y="72" rect.w="7" rect.h="7" pos.x="204" pos.y="11" movable="true" identifier="Bren_Pokeball_1"/>
    <entity type="image" rect.x="344" rect.y="72" rect.w="7" rect.h="7" pos.x="194" pos.y="13" movable="true" identifier="Bren_Pokeball_2"/>
    <entity type="image" rect.x="344" rect.y="72" rect.w="7" rect.h="7" pos.x="184" pos.y="14" movable="true" identifier="Bren_Pokeball_3"/>
   </entity>
   <!--BOT HUD-->
   <entity type="image" rect.x="597" rect.y="18" rect.w="254" rect.h="33" pos.x="0" pos.y="0" movable="true" identifier="bottom hud" inside="true">
    <entity type="image" rect.x="561" rect.y="155" rect.w="30" rect.h="30" pos.x="3" pos.y="0" movable="true" identifier="left ability" inside="true">
      <entity type="image" rect.x="525" rect.y="155" rect.w="30" rect.h="0" pos.x="0" pos.y="0" movable="true" identifier="left cd"/>
    </entity>  <!--[0]-->
    <entity type="image" rect.x="426" rect.y="84" rect.w="90" rect.h="23" pos.x="35" pos.y="7" movable="true" identifier="left box" inside="true">
      <entity type="image" rect.x="464" rect.y="110" rect.w="48" rect.h="2" pos.x="38" pos.y="16" movable="true" identifier="left hp"/>
    </entity>   <!--[1]-->
    <entity type="image" rect.x="525" rect.y="85" rect.w="30" rect.h="30" pos.x="221" pos.y="0" movable="true" identifier="right ability"/>
    <entity type="image" rect.x="426" rect.y="84" rect.w="90" rect.h="23" pos.x="129" pos.y="7" movable="true" identifier="right box" inside="true">
     <entity type="image" rect.x="464" rect.y="110" rect.w="48" rect.h="2" pos.x="38" pos.y="16" movable="true" identifier="right hp"/>
    </entity>
   </entity>

  </PokemonCombat_HUD>

  <PokemonWorld_HUD>
	<entity type="button" listener="scene" rect.x="856" rect.y="379" rect.w="151" rect.h="24" pos.x="-124" pos.y="36" state2.x="856" state2.y="404" state3.x="856" state3.y="351" animated="false" identifier="pk_bar_hud_1" inside="true">
    <entity type="image" rect.x="944" rect.y="220" rect.w="48" rect.h="3" pos.x="74" pos.y="9" movable="true" identifier="pk_bar_hp_1"/>
    <entity type="image" rect.x="866" rect.y="435" rect.w="22" rect.h="26" pos.x="134" pos.y="-1" movable="true" identifier="pk_bar_blaziken"/>
  </entity>
	<entity type="button" listener="scene" rect.x="856" rect.y="379" rect.w="151" rect.h="24" pos.x="-124" pos.y="65" state2.x="856" state2.y="404" state3.x="856" state3.y="351" animated="false" identifier="pk_bar_hud_2" inside="true">
    <entity type="image" rect.x="944" rect.y="220" rect.w="48" rect.h="3" pos.x="74" pos.y="9" movable="true" identifier="pk_bar_hp_2"/>
    <entity type="image" rect.x="893" rect.y="435" rect.w="28" rect.h="26" pos.x="134" pos.y="-1" movable="true" identifier="pk_bar_sceptile"/>
  </entity>
	<entity type="button" listener="scene" rect.x="856" rect.y="379" rect.w="151" rect.h="24" pos.x="-124" pos.y="94" state2.x="856" state2.y="404" state3.x="856" state3.y="351" animated="false" identifier="pk_bar_hud_3" inside="true">
    <entity type="image" rect.x="944" rect.y="220" rect.w="48" rect.h="3" pos.x="74" pos.y="9" movable="true" identifier="pk_bar_hp_3"/>
    <entity type="image" rect.x="927" rect.y="435" rect.w="26" rect.h="25" pos.x="134" pos.y="-1" movable="true" identifier="pk_bar_swampert"/>
  </entity>
  </PokemonWorld_HUD>

  
</elements>

